,review_number,revision_number,status,author,url,start_date,start_time,close_date,close_time
3,25,4,ApproveAfterChange,Micheal West,http://review.couchbase.org/#/c/25/4,,,2010-05-27,02:46:20.919000000
4,269,1,DirectlyApprove,Jakob Lozano,http://review.couchbase.org/#/c/269/1,2010-06-02,20:43:01.693000000,2010-06-02,21:10:22.641000000
5,286,1,Rejected,Jakob Lozano,http://review.couchbase.org/#/c/286/1,2010-06-03,20:14:18.420000000,2010-06-03,20:14:18.420000000
6,287,1,Rejected,Jakob Lozano,http://review.couchbase.org/#/c/287/1,2010-06-03,20:14:48.165000000,2010-06-03,20:14:48.165000000
7,288,1,Rejected,Jakob Lozano,http://review.couchbase.org/#/c/288/1,2010-06-03,20:14:41.393000000,2010-06-03,20:14:41.393000000
8,289,1,Rejected,Jakob Lozano,http://review.couchbase.org/#/c/289/1,2010-06-03,20:14:31.782000000,2010-06-03,20:14:31.782000000
9,290,1,DirectlyApprove,Jakob Lozano,http://review.couchbase.org/#/c/290/1,2010-06-03,22:08:23.876000000,2010-06-03,22:08:25.580000000
11,292,2,DirectlyApprove,Jakob Lozano,http://review.couchbase.org/#/c/292/2,2010-06-04,01:30:32.586000000,2010-06-08,18:38:00.192000000
12,416,1,DirectlyApprove,Jakob Lozano,http://review.couchbase.org/#/c/416/1,2010-06-12,00:46:00.730000000,2010-06-12,00:46:02.019000000
13,561,1,DirectlyApprove,Jakob Lozano,http://review.couchbase.org/#/c/561/1,2010-06-15,18:55:55.731000000,2010-06-15,18:55:57.199000000
17,563,4,ApproveAfterChange,Allan Henderson,http://review.couchbase.org/#/c/563/4,2010-06-15,18:37:02.388000000,2010-06-16,16:49:30.289000000
18,569,1,Rejected,Allan Henderson,http://review.couchbase.org/#/c/569/1,2010-06-15,19:47:47.561000000,2010-06-15,19:47:47.561000000
19,571,1,Rejected,Allan Henderson,http://review.couchbase.org/#/c/571/1,2010-06-15,20:19:44.289000000,2010-06-15,20:19:44.289000000
20,572,1,Rejected,Allan Henderson,http://review.couchbase.org/#/c/572/1,2010-06-15,20:40:18.636000000,2010-06-15,20:40:18.636000000
21,574,1,Rejected,Allan Henderson,http://review.couchbase.org/#/c/574/1,2010-06-15,20:40:32.715000000,2010-06-15,20:40:32.715000000
22,629,1,Rejected,Allan Henderson,http://review.couchbase.org/#/c/629/1,2010-06-17,18:14:09.524000000,2010-06-17,18:14:09.524000000
27,630,5,ApproveAfterChange,Allan Henderson,http://review.couchbase.org/#/c/630/5,,,2010-06-17,18:36:57.028000000
28,919,1,DirectlyApprove,Noah Dean,http://review.couchbase.org/#/c/919/1,2010-06-26,06:14:43.910000000,2010-06-26,06:14:44.091000000
29,920,1,DirectlyApprove,Edward Gay,http://review.couchbase.org/#/c/920/1,2010-06-26,06:15:33.303000000,2010-06-26,06:15:33.480000000
30,935,1,DirectlyApprove,Jakob Lozano,http://review.couchbase.org/#/c/935/1,2010-06-28,23:21:52.920000000,2010-06-30,08:39:19.888000000
31,936,1,DirectlyApprove,Jakob Lozano,http://review.couchbase.org/#/c/936/1,2010-06-28,23:23:56.688000000,2010-06-30,08:39:43.815000000
33,999,2,DirectlyApprove,Allan Henderson,http://review.couchbase.org/#/c/999/2,2010-07-03,08:35:35.377000000,2010-07-18,22:28:20.995000000
34,1228,1,Rejected,Allan Henderson,http://review.couchbase.org/#/c/1228/1,2010-07-18,22:26:15.654000000,2010-07-18,22:26:15.654000000
35,2698,1,Rejected,Alonzo Keller,http://review.couchbase.org/#/c/2698/1,2010-10-19,16:17:46.896000000,2010-10-19,16:17:46.896000000
36,2699,1,Rejected,Alonzo Keller,http://review.couchbase.org/#/c/2699/1,2010-10-19,16:18:06.835000000,2010-10-19,16:18:06.835000000
37,2700,1,Rejected,Alonzo Keller,http://review.couchbase.org/#/c/2700/1,2010-10-19,16:18:22.044000000,2010-10-19,16:18:22.044000000
38,2701,1,Rejected,Alonzo Keller,http://review.couchbase.org/#/c/2701/1,2010-10-19,16:18:35.430000000,2010-10-19,16:18:35.430000000
39,2702,1,Rejected,Alonzo Keller,http://review.couchbase.org/#/c/2702/1,2010-09-25,16:21:08.976000000,2010-10-19,16:19:06.625000000
40,2896,1,Rejected,Alonzo Keller,http://review.couchbase.org/#/c/2896/1,2010-10-19,16:40:30.324000000,2010-10-19,16:40:30.324000000
41,2897,1,Rejected,Alonzo Keller,http://review.couchbase.org/#/c/2897/1,2010-10-19,16:40:42.157000000,2010-10-19,16:40:42.157000000
42,2898,1,Rejected,Alonzo Keller,http://review.couchbase.org/#/c/2898/1,2010-10-19,16:41:52.995000000,2010-10-19,16:41:52.995000000
43,2899,1,Rejected,Alonzo Keller,http://review.couchbase.org/#/c/2899/1,2010-10-19,16:43:21.980000000,2010-10-19,16:43:21.980000000
44,2900,1,Rejected,Alonzo Keller,http://review.couchbase.org/#/c/2900/1,2010-10-19,16:43:35.424000000,2010-10-19,16:43:35.424000000
45,2901,1,Rejected,Alonzo Keller,http://review.couchbase.org/#/c/2901/1,2010-10-19,16:43:43.812000000,2010-10-19,16:43:43.812000000
46,2902,1,Rejected,Alonzo Keller,http://review.couchbase.org/#/c/2902/1,2010-10-19,16:43:57.835000000,2010-10-19,16:43:57.835000000
47,2903,1,Rejected,Alonzo Keller,http://review.couchbase.org/#/c/2903/1,2010-10-19,16:44:07.311000000,2010-10-19,16:44:07.311000000
48,2904,1,Rejected,Alonzo Keller,http://review.couchbase.org/#/c/2904/1,2010-10-19,16:44:17.959000000,2010-10-19,16:44:17.959000000
49,2905,1,Rejected,Alonzo Keller,http://review.couchbase.org/#/c/2905/1,2010-10-19,16:44:26.273000000,2010-10-19,16:44:26.273000000
50,2907,1,Rejected,Alonzo Keller,http://review.couchbase.org/#/c/2907/1,2011-01-20,18:46:03.132000000,2011-01-20,18:46:03.132000000
51,2908,1,Rejected,Alonzo Keller,http://review.couchbase.org/#/c/2908/1,2011-01-20,18:45:48.796000000,2011-01-20,18:45:48.796000000
52,2909,1,Rejected,Alonzo Keller,http://review.couchbase.org/#/c/2909/1,2011-01-20,18:45:35.471000000,2011-01-20,18:45:35.471000000
53,2910,1,Rejected,Alonzo Keller,http://review.couchbase.org/#/c/2910/1,2011-01-20,18:45:22.907000000,2011-01-20,18:45:22.907000000
54,2911,1,Rejected,Alonzo Keller,http://review.couchbase.org/#/c/2911/1,2011-01-20,18:45:11.647000000,2011-01-20,18:45:11.647000000
55,3224,1,Rejected,Alonzo Keller,http://review.couchbase.org/#/c/3224/1,2011-01-20,18:44:56.491000000,2011-01-20,18:44:56.491000000
56,3225,1,Rejected,Alonzo Keller,http://review.couchbase.org/#/c/3225/1,2011-01-20,18:44:37.634000000,2011-01-20,18:44:37.634000000
57,3226,1,Rejected,Alonzo Keller,http://review.couchbase.org/#/c/3226/1,2011-01-20,18:44:25.191000000,2011-01-20,18:44:25.191000000
58,3227,1,Rejected,Alonzo Keller,http://review.couchbase.org/#/c/3227/1,2011-01-20,18:44:07.438000000,2011-01-20,18:44:07.438000000
59,3438,1,Rejected,Alonzo Keller,http://review.couchbase.org/#/c/3438/1,2011-01-20,18:43:55.346000000,2011-01-20,18:43:55.346000000
61,3617,2,Rejected,Riley Mcmillan,http://review.couchbase.org/#/c/3617/2,2010-11-10,18:33:12.483000000,2011-05-23,23:30:15.517000000
62,3640,1,DirectlyApprove,Jakob Lozano,http://review.couchbase.org/#/c/3640/1,2010-11-12,04:24:43.110000000,2011-01-07,23:41:20.131000000
64,3641,2,DirectlyApprove,Jakob Lozano,http://review.couchbase.org/#/c/3641/2,2010-11-12,04:26:15.675000000,2011-01-09,00:56:44.538000000
65,3850,1,Rejected,Alonzo Keller,http://review.couchbase.org/#/c/3850/1,2011-01-20,18:43:31.232000000,2011-01-20,18:43:31.232000000
66,3851,1,Rejected,Alonzo Keller,http://review.couchbase.org/#/c/3851/1,2011-01-20,18:43:16.836000000,2011-01-20,18:43:16.836000000
67,3852,1,Rejected,Alonzo Keller,http://review.couchbase.org/#/c/3852/1,2011-01-20,18:43:02.760000000,2011-01-20,18:43:02.760000000
73,4204,6,ApproveAfterChange,Andreas Short,http://review.couchbase.org/#/c/4204/6,2011-01-03,02:14:28.453000000,2011-01-10,18:52:38.759000000
77,4205,4,Rejected,Andreas Short,http://review.couchbase.org/#/c/4205/4,2011-01-03,02:52:44.716000000,2011-01-04,23:52:33.519000000
83,4206,6,ApproveAfterChange,Andreas Short,http://review.couchbase.org/#/c/4206/6,2011-01-03,01:30:03.932000000,2011-01-10,18:56:46.688000000
89,4207,6,ApproveAfterChange,Andreas Short,http://review.couchbase.org/#/c/4207/6,2011-01-03,03:01:00.261000000,2011-01-10,18:54:29.014000000
95,4208,6,ApproveAfterChange,Andreas Short,http://review.couchbase.org/#/c/4208/6,2011-01-03,03:10:10.018000000,2011-01-10,18:54:51.771000000
101,4209,6,ApproveAfterChange,Andreas Short,http://review.couchbase.org/#/c/4209/6,2011-01-03,03:12:25.922000000,2011-01-10,18:56:32.726000000
107,4210,6,ApproveAfterChange,Andreas Short,http://review.couchbase.org/#/c/4210/6,2011-01-03,03:14:57.023000000,2011-01-10,18:55:48.962000000
113,4211,6,ApproveAfterChange,Andreas Short,http://review.couchbase.org/#/c/4211/6,2011-01-03,03:17:26.287000000,2011-01-10,19:00:46.569000000
119,4212,6,ApproveAfterChange,Andreas Short,http://review.couchbase.org/#/c/4212/6,2011-01-03,03:18:22.351000000,2011-01-10,18:57:26.473000000
120,4231,1,DirectlyApprove,Noah Dean,http://review.couchbase.org/#/c/4231/1,2011-01-11,23:20:41.406000000,2011-01-11,23:20:41.582000000
121,4232,1,DirectlyApprove,Noah Dean,http://review.couchbase.org/#/c/4232/1,2011-01-11,23:21:04.424000000,2011-01-11,23:21:11.106000000
122,4248,1,DirectlyApprove,Andreas Short,http://review.couchbase.org/#/c/4248/1,2011-01-12,01:12:07.725000000,2011-01-12,03:55:00.387000000
125,4612,3,ApproveAfterChange,Andreas Short,http://review.couchbase.org/#/c/4612/3,2011-02-17,03:14:27.389000000,2011-03-02,17:00:45.398000000
128,4752,3,ApproveAfterChange,Arielle Le,http://review.couchbase.org/#/c/4752/3,2011-02-28,07:07:57.456000000,2011-03-07,07:42:00.681000000
130,5201,2,DirectlyApprove,Andreas Short,http://review.couchbase.org/#/c/5201/2,2011-04-04,07:13:18.445000000,2011-04-19,08:00:04.671000000
132,5202,2,DirectlyApprove,Andreas Short,http://review.couchbase.org/#/c/5202/2,2011-04-04,07:13:46.753000000,2011-04-19,08:00:31.110000000
134,5203,2,DirectlyApprove,Andreas Short,http://review.couchbase.org/#/c/5203/2,2011-04-04,07:16:07.687000000,2011-04-19,08:01:12.169000000
136,5204,2,DirectlyApprove,Andreas Short,http://review.couchbase.org/#/c/5204/2,2011-04-04,07:16:44.164000000,2011-04-19,08:01:29.205000000
138,5205,2,DirectlyApprove,Andreas Short,http://review.couchbase.org/#/c/5205/2,2011-04-04,07:17:52.691000000,2011-04-19,08:01:51.076000000
140,5206,2,DirectlyApprove,Andreas Short,http://review.couchbase.org/#/c/5206/2,2011-04-04,05:49:47.766000000,2011-04-22,01:34:12.645000000
142,5207,2,DirectlyApprove,Andreas Short,http://review.couchbase.org/#/c/5207/2,,,2011-04-22,01:58:06.919000000
143,5502,1,DirectlyApprove,Andreas Short,http://review.couchbase.org/#/c/5502/1,2011-04-19,07:53:29.279000000,2011-04-22,23:29:10.081000000
144,6074,1,DirectlyApprove,Andreas Short,http://review.couchbase.org/#/c/6074/1,2011-05-09,01:56:31.411000000,2011-05-10,20:14:21.457000000
145,6091,1,DirectlyApprove,Lauryn Burns,http://review.couchbase.org/#/c/6091/1,2011-05-09,17:19:54.587000000,2011-05-11,18:26:10.527000000
146,6151,1,DirectlyApprove,Noah Dean,http://review.couchbase.org/#/c/6151/1,2011-05-11,20:03:57.538000000,2011-05-11,20:03:57.711000000
147,6152,1,DirectlyApprove,Noah Dean,http://review.couchbase.org/#/c/6152/1,2011-05-11,20:13:33.233000000,2011-05-11,20:13:33.451000000
148,6208,1,DirectlyApprove,Andreas Short,http://review.couchbase.org/#/c/6208/1,2011-05-13,02:26:34.033000000,2011-05-18,17:30:53.468000000
150,6532,2,Rejected,Alonzo Keller,http://review.couchbase.org/#/c/6532/2,2011-05-25,19:20:36.577000000,2011-05-31,06:11:41.596000000
151,6669,1,Rejected,Andreas Short,http://review.couchbase.org/#/c/6669/1,2011-05-31,06:12:45.468000000,2011-05-31,06:12:45.468000000
152,6670,1,Rejected,Alonzo Keller,http://review.couchbase.org/#/c/6670/1,2011-05-31,06:12:31.151000000,2011-05-31,06:12:31.151000000
163,6671,11,ApproveAfterChange,Alonzo Keller,http://review.couchbase.org/#/c/6671/11,2011-05-31,06:23:55.832000000,2011-06-03,17:45:50.007000000
171,6672,8,ApproveAfterChange,Alonzo Keller,http://review.couchbase.org/#/c/6672/8,2011-05-31,06:25:45.112000000,2011-06-08,05:16:53.146000000
176,6673,5,ApproveAfterChange,Andreas Short,http://review.couchbase.org/#/c/6673/5,2011-05-31,14:54:33.790000000,2011-06-08,05:17:15.642000000
182,6674,6,ApproveAfterChange,Alonzo Keller,http://review.couchbase.org/#/c/6674/6,2011-05-31,15:03:02.870000000,2011-06-08,05:17:40.409000000
184,6750,2,Rejected,Kenny Maynard,http://review.couchbase.org/#/c/6750/2,2011-06-03,20:38:53.289000000,2011-06-03,20:56:58.030000000
185,6751,1,DirectlyApprove,Kenny Maynard,http://review.couchbase.org/#/c/6751/1,2011-06-03,21:05:55.708000000,2011-06-03,21:47:49.353000000
196,6753,11,ApproveAfterChange,Kenny Maynard,http://review.couchbase.org/#/c/6753/11,,,2011-06-04,00:23:42.741000000
202,6760,6,ApproveAfterChange,Alonzo Keller,http://review.couchbase.org/#/c/6760/6,,,2011-06-08,05:18:33.619000000
203,6761,1,Rejected,Andreas Short,http://review.couchbase.org/#/c/6761/1,2011-06-04,02:02:10.456000000,2011-06-04,02:02:10.456000000
210,6778,7,ApproveAfterChange,Kenny Maynard,http://review.couchbase.org/#/c/6778/7,2011-06-05,02:56:09.472000000,2011-06-06,18:12:19.093000000
217,6813,7,ApproveAfterChange,Kenny Maynard,http://review.couchbase.org/#/c/6813/7,,,2011-06-07,05:32:48.460000000
221,6814,4,ApproveAfterChange,Alonzo Keller,http://review.couchbase.org/#/c/6814/4,,,2011-06-08,05:19:04.507000000
226,6815,5,ApproveAfterChange,Alonzo Keller,http://review.couchbase.org/#/c/6815/5,2011-06-08,04:01:44.043000000,2011-06-08,05:19:20.683000000
231,6816,5,ApproveAfterChange,Andreas Short,http://review.couchbase.org/#/c/6816/5,,,2011-06-08,05:20:28.498000000
238,6817,7,Rejected,Andreas Short,http://review.couchbase.org/#/c/6817/7,2011-06-08,04:03:04.555000000,2011-06-08,07:35:03.660000000
246,6818,8,Rejected,Andreas Short,http://review.couchbase.org/#/c/6818/8,,,2011-06-08,07:35:30.907000000
254,6819,8,Rejected,Andreas Short,http://review.couchbase.org/#/c/6819/8,,,2011-06-08,07:35:51.990000000
262,6820,8,Rejected,Andreas Short,http://review.couchbase.org/#/c/6820/8,,,2011-06-08,07:36:27.684000000
270,6821,8,Rejected,Andreas Short,http://review.couchbase.org/#/c/6821/8,,,2011-06-08,07:36:57.035000000
278,6822,8,Rejected,Andreas Short,http://review.couchbase.org/#/c/6822/8,,,2011-06-08,07:37:23.675000000
286,6823,8,Rejected,Andreas Short,http://review.couchbase.org/#/c/6823/8,,,2011-06-08,07:37:43.461000000
294,6824,8,Rejected,Andreas Short,http://review.couchbase.org/#/c/6824/8,,,2011-06-08,07:38:00.149000000
302,6825,8,Rejected,Andreas Short,http://review.couchbase.org/#/c/6825/8,,,2011-06-08,07:38:13.919000000
310,6826,8,Rejected,Andreas Short,http://review.couchbase.org/#/c/6826/8,,,2011-06-08,07:38:29.210000000
311,6827,1,Rejected,Andreas Short,http://review.couchbase.org/#/c/6827/1,2011-06-06,20:48:00.523000000,2011-06-06,20:48:00.523000000
312,6847,1,Rejected,Andreas Short,http://review.couchbase.org/#/c/6847/1,2011-06-07,21:52:18.980000000,2011-06-08,08:10:46.546000000
316,6849,4,Rejected,Andreas Short,http://review.couchbase.org/#/c/6849/4,2011-06-08,02:19:15.143000000,2011-06-08,07:38:53.012000000
317,6853,1,DirectlyApprove,Kenny Maynard,http://review.couchbase.org/#/c/6853/1,2011-06-08,06:08:19.345000000,2011-06-08,06:09:20.608000000
318,6854,1,DirectlyApprove,Alonzo Keller,http://review.couchbase.org/#/c/6854/1,2011-06-08,07:46:05.964000000,2011-06-08,07:46:06.119000000
319,6855,1,DirectlyApprove,Alonzo Keller,http://review.couchbase.org/#/c/6855/1,2011-06-08,07:46:24.688000000,2011-06-08,07:46:24.870000000
320,6856,1,DirectlyApprove,Alonzo Keller,http://review.couchbase.org/#/c/6856/1,2011-06-08,07:46:59.595000000,2011-06-08,07:46:59.760000000
321,6857,1,DirectlyApprove,Andreas Short,http://review.couchbase.org/#/c/6857/1,2011-06-08,07:47:23.574000000,2011-06-08,07:47:23.731000000
322,6858,1,DirectlyApprove,Andreas Short,http://review.couchbase.org/#/c/6858/1,2011-06-08,07:47:43.951000000,2011-06-08,07:47:44.173000000
323,6859,1,DirectlyApprove,Andreas Short,http://review.couchbase.org/#/c/6859/1,2011-06-08,07:48:06.399000000,2011-06-08,07:48:06.552000000
324,6860,1,DirectlyApprove,Andreas Short,http://review.couchbase.org/#/c/6860/1,2011-06-08,07:48:42.744000000,2011-06-08,07:48:42.927000000
325,6861,1,DirectlyApprove,Andreas Short,http://review.couchbase.org/#/c/6861/1,2011-06-08,07:49:00.386000000,2011-06-08,07:49:00.564000000
326,6862,1,DirectlyApprove,Andreas Short,http://review.couchbase.org/#/c/6862/1,2011-06-08,07:49:18.722000000,2011-06-08,07:49:18.920000000
327,6863,1,DirectlyApprove,Andreas Short,http://review.couchbase.org/#/c/6863/1,2011-06-08,07:49:34.974000000,2011-06-08,07:49:35.167000000
328,6864,1,DirectlyApprove,Andreas Short,http://review.couchbase.org/#/c/6864/1,2011-06-08,07:49:58.467000000,2011-06-08,07:49:58.655000000
329,6865,1,DirectlyApprove,Andreas Short,http://review.couchbase.org/#/c/6865/1,2011-06-08,07:50:25.384000000,2011-06-08,07:50:25.557000000
330,6866,1,DirectlyApprove,Andreas Short,http://review.couchbase.org/#/c/6866/1,2011-06-08,07:50:53.750000000,2011-06-08,07:51:01.775000000
331,6867,1,DirectlyApprove,Andreas Short,http://review.couchbase.org/#/c/6867/1,2011-06-08,07:51:26.777000000,2011-06-08,07:51:26.931000000
332,6868,1,DirectlyApprove,Andreas Short,http://review.couchbase.org/#/c/6868/1,2011-06-08,07:51:45.224000000,2011-06-08,07:51:45.405000000
346,6873,14,ApproveAfterChange,Kenny Maynard,http://review.couchbase.org/#/c/6873/14,2011-06-08,09:34:35.885000000,2011-07-09,23:10:39.974000000
347,6880,1,Rejected,Kenny Maynard,http://review.couchbase.org/#/c/6880/1,2011-06-08,22:55:53.529000000,2011-06-17,02:10:11.836000000
349,6904,2,DirectlyApprove,Kenny Maynard,http://review.couchbase.org/#/c/6904/2,2011-06-09,19:51:25.091000000,2011-06-09,21:09:50.862000000
351,6905,2,DirectlyApprove,Kenny Maynard,http://review.couchbase.org/#/c/6905/2,,,2011-06-10,22:11:27.512000000
354,6906,3,ApproveAfterChange,Kenny Maynard,http://review.couchbase.org/#/c/6906/3,2011-06-09,20:46:25.436000000,2011-06-16,00:22:30.048000000
355,6920,1,DirectlyApprove,Kenny Maynard,http://review.couchbase.org/#/c/6920/1,2011-06-09,21:02:46.665000000,2011-06-12,01:25:33.974000000
357,6949,2,DirectlyApprove,Kenny Maynard,http://review.couchbase.org/#/c/6949/2,2011-06-12,23:57:18.488000000,2011-06-15,18:38:59.882000000
358,6950,1,DirectlyApprove,Kenny Maynard,http://review.couchbase.org/#/c/6950/1,2011-06-13,01:53:55.821000000,2011-06-13,07:26:10.785000000
361,6952,3,ApproveAfterChange,Kenny Maynard,http://review.couchbase.org/#/c/6952/3,2011-06-13,01:48:26.113000000,2011-06-15,18:44:30.703000000
363,6982,2,DirectlyApprove,Kenny Maynard,http://review.couchbase.org/#/c/6982/2,2011-06-15,00:54:22.063000000,2011-06-17,18:39:20.249000000
367,7006,4,ApproveAfterChange,Kenny Maynard,http://review.couchbase.org/#/c/7006/4,2011-06-15,22:48:06.118000000,2011-06-21,23:38:46.906000000
368,7007,1,DirectlyApprove,Kenny Maynard,http://review.couchbase.org/#/c/7007/1,2011-06-15,22:53:48.604000000,2011-06-16,00:09:06.589000000
370,7009,2,DirectlyApprove,Kenny Maynard,http://review.couchbase.org/#/c/7009/2,2011-06-16,00:23:19.463000000,2011-06-18,22:39:55.234000000
371,7039,1,Rejected,Kenny Maynard,http://review.couchbase.org/#/c/7039/1,2011-06-16,22:19:54.426000000,2011-06-16,22:39:04.347000000
373,7040,2,DirectlyApprove,Kenny Maynard,http://review.couchbase.org/#/c/7040/2,2011-06-16,20:12:12.050000000,2011-06-20,22:54:08.687000000
377,7043,4,Rejected,Kenny Maynard,http://review.couchbase.org/#/c/7043/4,,,2011-06-16,23:32:16.787000000
381,7044,4,ApproveAfterChange,Kenny Maynard,http://review.couchbase.org/#/c/7044/4,,,2011-06-21,22:44:34.349000000
389,7045,8,ApproveAfterChange,Kenny Maynard,http://review.couchbase.org/#/c/7045/8,2011-06-21,23:00:48.214000000,2011-06-21,23:23:46.445000000
397,7048,8,Rejected,Kenny Maynard,http://review.couchbase.org/#/c/7048/8,,,2011-09-12,04:44:24.207000000
403,7101,6,Rejected,Kenny Maynard,http://review.couchbase.org/#/c/7101/6,,,2011-07-05,21:36:42.134000000
404,7103,1,Rejected,Kenny Maynard,http://review.couchbase.org/#/c/7103/1,2011-06-21,20:52:56.047000000,2011-06-22,20:13:22.818000000
405,7104,1,DirectlyApprove,Kenny Maynard,http://review.couchbase.org/#/c/7104/1,2011-06-21,22:59:19.598000000,2011-06-23,02:46:31.633000000
407,7105,2,DirectlyApprove,Kenny Maynard,http://review.couchbase.org/#/c/7105/2,2011-06-21,21:09:55.358000000,2011-06-29,17:26:17.763000000
410,7107,3,ApproveAfterChange,Kenny Maynard,http://review.couchbase.org/#/c/7107/3,2011-06-21,22:59:54.731000000,2011-06-25,00:06:20.412000000
411,7108,1,DirectlyApprove,Kenny Maynard,http://review.couchbase.org/#/c/7108/1,2011-06-25,00:52:12.433000000,2011-06-25,17:12:27.549000000
413,7575,2,DirectlyApprove,Kenny Maynard,http://review.couchbase.org/#/c/7575/2,,,2011-06-25,02:02:26.326000000
414,7576,1,DirectlyApprove,Kenny Maynard,http://review.couchbase.org/#/c/7576/1,2011-07-05,18:13:56.158000000,2011-07-05,19:55:11.351000000
415,7587,1,DirectlyApprove,Reyna Phillips Carpentier,http://review.couchbase.org/#/c/7587/1,2011-06-27,06:45:43.575000000,2011-06-27,06:45:44.731000000
421,7626,6,ApproveAfterChange,Kenny Maynard,http://review.couchbase.org/#/c/7626/6,,,2011-06-29,00:11:11.447000000
424,7641,3,ApproveAfterChange,Noah Dean,http://review.couchbase.org/#/c/7641/3,2011-06-29,20:13:24.140000000,2011-06-29,20:17:17.443000000
425,7642,1,DirectlyApprove,Noah Dean,http://review.couchbase.org/#/c/7642/1,2011-06-29,20:25:39.073000000,2011-06-29,20:25:39.253000000
426,7643,1,DirectlyApprove,Noah Dean,http://review.couchbase.org/#/c/7643/1,2011-06-29,20:26:15.407000000,2011-06-29,20:26:15.582000000
428,7646,2,DirectlyApprove,Kenny Maynard,http://review.couchbase.org/#/c/7646/2,,,2011-07-05,19:55:23.991000000
429,7647,1,DirectlyApprove,Kenny Maynard,http://review.couchbase.org/#/c/7647/1,2011-07-05,18:21:17.322000000,2011-07-05,19:55:37.227000000
430,7648,1,Rejected,Kenny Maynard,http://review.couchbase.org/#/c/7648/1,2011-06-30,01:32:31.012000000,2011-06-30,01:32:31.012000000
431,7649,1,DirectlyApprove,Kenny Maynard,http://review.couchbase.org/#/c/7649/1,2011-07-05,18:22:47.687000000,2011-07-05,19:55:51.262000000
440,7650,9,ApproveAfterChange,Kenny Maynard,http://review.couchbase.org/#/c/7650/9,,,2011-07-18,23:07:54.367000000
443,7651,3,ApproveAfterChange,Kenny Maynard,http://review.couchbase.org/#/c/7651/3,2011-06-30,07:33:50.928000000,2011-07-11,18:10:33.826000000
444,7672,1,DirectlyApprove,Kenny Maynard,http://review.couchbase.org/#/c/7672/1,2011-07-10,20:25:39.486000000,2011-07-10,22:37:47.931000000
446,7773,2,Rejected,Kenny Maynard,http://review.couchbase.org/#/c/7773/2,2011-07-07,18:47:24.611000000,2011-07-14,18:47:33.590000000
448,7774,2,Rejected,Kenny Maynard,http://review.couchbase.org/#/c/7774/2,,,2011-07-07,17:56:38.576000000
451,7775,3,Rejected,Kenny Maynard,http://review.couchbase.org/#/c/7775/3,,,2011-07-14,18:47:57.216000000
453,7776,2,Rejected,Kenny Maynard,http://review.couchbase.org/#/c/7776/2,2011-07-07,18:52:07.256000000,2011-07-14,18:47:43.264000000
455,7777,2,Rejected,Kenny Maynard,http://review.couchbase.org/#/c/7777/2,,,2011-07-14,18:48:11.989000000
456,7778,1,Rejected,Kenny Maynard,http://review.couchbase.org/#/c/7778/1,2011-07-07,18:19:30.228000000,2011-07-07,18:19:30.228000000
457,7779,1,Rejected,Kenny Maynard,http://review.couchbase.org/#/c/7779/1,2011-07-07,19:13:39.001000000,2011-07-14,18:48:20.647000000
458,7781,1,Rejected,Kenny Maynard,http://review.couchbase.org/#/c/7781/1,2011-07-07,21:11:37.782000000,2011-07-14,18:48:41.546000000
459,7783,1,Rejected,Kenny Maynard,http://review.couchbase.org/#/c/7783/1,2011-07-10,21:15:40.315000000,2011-07-14,18:48:54.524000000
463,7801,4,ApproveAfterChange,Kenny Maynard,http://review.couchbase.org/#/c/7801/4,2011-07-11,05:23:36.533000000,2011-07-11,05:43:53.939000000
467,7802,4,ApproveAfterChange,Kenny Maynard,http://review.couchbase.org/#/c/7802/4,2011-07-11,05:44:22.867000000,2011-07-11,05:45:08.978000000
471,7803,4,ApproveAfterChange,Kenny Maynard,http://review.couchbase.org/#/c/7803/4,,,2011-07-11,05:46:21.305000000
472,7846,1,DirectlyApprove,Andreas Short,http://review.couchbase.org/#/c/7846/1,2011-07-09,21:03:48.034000000,2011-07-09,21:03:48.432000000
480,7859,8,Rejected,Kenny Maynard,http://review.couchbase.org/#/c/7859/8,,,2011-07-13,21:37:59.418000000
487,7877,7,ApproveAfterChange,Kenny Maynard,http://review.couchbase.org/#/c/7877/7,,,2011-07-11,22:02:37.654000000
488,7881,1,Rejected,Case Burke,http://review.couchbase.org/#/c/7881/1,2011-07-15,21:06:51.279000000,2011-07-15,21:06:51.279000000
489,7890,1,DirectlyApprove,Kenny Maynard,http://review.couchbase.org/#/c/7890/1,2011-07-14,22:21:47.973000000,2011-07-14,22:59:56.712000000
493,7898,4,ApproveAfterChange,Kenny Maynard,http://review.couchbase.org/#/c/7898/4,2011-07-14,22:20:24.361000000,2011-07-19,01:10:46.272000000
494,7931,1,Rejected,Kenny Maynard,http://review.couchbase.org/#/c/7931/1,2011-07-13,04:03:37.404000000,2011-07-13,04:03:37.404000000
497,7936,3,ApproveAfterChange,Kenny Maynard,http://review.couchbase.org/#/c/7936/3,2011-07-14,22:08:08.308000000,2011-07-14,23:08:36.175000000
499,7937,2,Rejected,Kenny Maynard,http://review.couchbase.org/#/c/7937/2,,,2011-07-14,22:59:31.389000000
501,7969,2,DirectlyApprove,Kenny Maynard,http://review.couchbase.org/#/c/7969/2,,,2011-07-13,21:42:04.713000000
502,8004,1,DirectlyApprove,Kenny Maynard,http://review.couchbase.org/#/c/8004/1,2011-07-14,21:57:29.365000000,2011-07-14,22:59:46.164000000
503,8006,1,DirectlyApprove,Kenny Maynard,http://review.couchbase.org/#/c/8006/1,2011-07-15,00:09:50.645000000,2011-07-15,00:10:53.612000000
504,8074,1,DirectlyApprove,Kenny Maynard,http://review.couchbase.org/#/c/8074/1,2011-07-18,23:35:51.800000000,2011-07-18,23:50:53.252000000
506,8114,2,DirectlyApprove,Kenny Maynard,http://review.couchbase.org/#/c/8114/2,2011-07-19,00:52:09.586000000,2011-07-19,01:11:12.116000000
509,8115,3,ApproveAfterChange,Dixie Myers,http://review.couchbase.org/#/c/8115/3,2011-07-18,20:21:22.865000000,2011-07-21,22:08:21.327000000
513,8121,4,ApproveAfterChange,Kenny Maynard,http://review.couchbase.org/#/c/8121/4,,,2011-07-18,23:59:44.534000000
516,8125,3,ApproveAfterChange,Andreas Short,http://review.couchbase.org/#/c/8125/3,2011-07-21,18:10:34.459000000,2011-07-21,21:52:42.183000000
521,8148,5,Rejected,Dixie Myers,http://review.couchbase.org/#/c/8148/5,,,2012-06-01,23:29:15.883000000
522,8149,1,Rejected,Dixie Myers,http://review.couchbase.org/#/c/8149/1,2011-07-19,18:41:46.883000000,2011-07-20,00:49:42.018000000
523,8194,1,DirectlyApprove,Andreas Short,http://review.couchbase.org/#/c/8194/1,2011-07-21,16:43:47.266000000,2011-07-21,18:10:57.751000000
525,8195,2,DirectlyApprove,Andreas Short,http://review.couchbase.org/#/c/8195/2,2011-07-21,08:46:28.311000000,2011-07-21,21:53:10.431000000
527,8196,2,DirectlyApprove,Andreas Short,http://review.couchbase.org/#/c/8196/2,,,2011-07-21,22:04:26.363000000
528,8232,1,Rejected,Kenny Maynard,http://review.couchbase.org/#/c/8232/1,2011-07-22,22:00:30.574000000,2011-07-22,22:00:30.574000000
529,8233,1,Rejected,Kenny Maynard,http://review.couchbase.org/#/c/8233/1,2011-07-22,22:00:07.342000000,2011-07-22,22:00:07.342000000
530,8234,1,Rejected,Kenny Maynard,http://review.couchbase.org/#/c/8234/1,2011-07-22,21:59:55.508000000,2011-07-22,21:59:55.508000000
532,8236,2,Rejected,Kenny Maynard,http://review.couchbase.org/#/c/8236/2,,,2011-07-22,21:59:43.253000000
534,8239,2,DirectlyApprove,Kenny Maynard,http://review.couchbase.org/#/c/8239/2,2011-07-26,01:37:01.286000000,2011-07-26,06:21:13.368000000
537,8240,3,ApproveAfterChange,Kenny Maynard,http://review.couchbase.org/#/c/8240/3,2011-07-26,02:01:49.080000000,2011-07-26,06:21:26.694000000
541,8241,4,ApproveAfterChange,Kenny Maynard,http://review.couchbase.org/#/c/8241/4,,,2011-07-26,07:47:25.865000000
544,8242,3,ApproveAfterChange,Kenny Maynard,http://review.couchbase.org/#/c/8242/3,,,2011-07-26,06:23:03.754000000
551,8243,7,ApproveAfterChange,Kenny Maynard,http://review.couchbase.org/#/c/8243/7,,,2011-07-26,07:33:40.471000000
553,8359,2,DirectlyApprove,Kenny Maynard,http://review.couchbase.org/#/c/8359/2,2011-07-26,01:38:18.925000000,2011-07-26,17:26:43.360000000
554,8399,1,DirectlyApprove,Kenny Maynard,http://review.couchbase.org/#/c/8399/1,2011-07-27,05:44:30.286000000,2011-07-27,05:44:30.443000000
561,8401,7,ApproveAfterChange,Kenny Maynard,http://review.couchbase.org/#/c/8401/7,,,2011-07-27,19:51:18.489000000
563,8422,2,DirectlyApprove,Kenny Maynard,http://review.couchbase.org/#/c/8422/2,2011-07-27,19:58:50.338000000,2011-07-27,21:12:03.073000000
570,8461,7,ApproveAfterChange,Kenny Maynard,http://review.couchbase.org/#/c/8461/7,,,2011-07-28,20:32:47.423000000
572,8478,2,DirectlyApprove,Kenny Maynard,http://review.couchbase.org/#/c/8478/2,2011-07-28,03:14:10.164000000,2011-07-28,09:18:41.215000000
573,8479,1,Rejected,Kenny Maynard,http://review.couchbase.org/#/c/8479/1,2011-07-28,05:39:45.924000000,2011-07-28,05:39:45.924000000
577,8480,4,ApproveAfterChange,Kenny Maynard,http://review.couchbase.org/#/c/8480/4,2011-07-28,20:34:40.048000000,2011-07-28,20:35:34.413000000
578,8483,1,DirectlyApprove,Meadow Mcclure,http://review.couchbase.org/#/c/8483/1,2011-07-28,05:46:12.725000000,2011-07-28,05:46:12.860000000
583,8503,5,ApproveAfterChange,Kenny Maynard,http://review.couchbase.org/#/c/8503/5,2011-07-28,20:22:35.901000000,2011-07-28,20:37:16.213000000
585,8508,2,DirectlyApprove,Kenny Maynard,http://review.couchbase.org/#/c/8508/2,2011-07-28,20:37:28.497000000,2011-07-28,20:38:40.382000000
586,8524,1,DirectlyApprove,Andreas Short,http://review.couchbase.org/#/c/8524/1,2011-08-02,03:34:04.159000000,2011-08-02,03:34:04.353000000
587,8540,1,Rejected,Tatum Robbins,http://review.couchbase.org/#/c/8540/1,2011-07-30,07:40:00.761000000,2011-08-02,01:07:03.117000000
593,8559,6,ApproveAfterChange,Tatum Robbins,http://review.couchbase.org/#/c/8559/6,,,2011-08-16,20:27:42.248000000
603,8560,10,ApproveAfterChange,Kenny Maynard,http://review.couchbase.org/#/c/8560/10,,,2011-08-16,21:09:32.273000000
605,8561,2,DirectlyApprove,Tatum Robbins,http://review.couchbase.org/#/c/8561/2,2011-08-06,01:17:23.462000000,2011-08-16,21:11:02.627000000
606,8576,1,Rejected,Dixie Myers,http://review.couchbase.org/#/c/8576/1,2011-08-03,07:09:53.542000000,2011-08-03,07:09:53.542000000
607,8594,1,DirectlyApprove,Kenny Maynard,http://review.couchbase.org/#/c/8594/1,2011-08-02,21:13:07.811000000,2011-08-02,22:08:28.739000000
612,8595,5,ApproveAfterChange,Kenny Maynard,http://review.couchbase.org/#/c/8595/5,,,2011-08-06,01:04:13.001000000
615,8597,3,ApproveAfterChange,Kenny Maynard,http://review.couchbase.org/#/c/8597/3,2011-08-06,01:04:34.110000000,2011-08-06,01:06:06.287000000
616,8599,1,DirectlyApprove,Kenny Maynard,http://review.couchbase.org/#/c/8599/1,2011-08-02,22:23:29.760000000,2011-08-08,23:30:52.269000000
617,8602,1,Rejected,Dixie Myers,http://review.couchbase.org/#/c/8602/1,2011-08-03,07:13:40.630000000,2011-08-03,07:13:40.630000000
618,8642,1,Rejected,Kenny Maynard,http://review.couchbase.org/#/c/8642/1,2011-08-04,18:24:34.319000000,2011-08-04,18:24:34.319000000
619,8643,1,Rejected,Kenny Maynard,http://review.couchbase.org/#/c/8643/1,2011-08-04,18:25:03.231000000,2011-08-04,18:25:03.231000000
628,8644,9,ApproveAfterChange,Kenny Maynard,http://review.couchbase.org/#/c/8644/9,2011-08-04,18:40:29.024000000,2011-08-15,19:33:28.093000000
629,8680,1,DirectlyApprove,Meadow Mcclure,http://review.couchbase.org/#/c/8680/1,2011-08-05,22:12:01.817000000,2011-08-10,04:06:14.936000000
643,8973,14,ApproveAfterChange,Kenny Maynard,http://review.couchbase.org/#/c/8973/14,,,2011-08-24,21:30:19.582000000
644,8984,1,DirectlyApprove,Andreas Short,http://review.couchbase.org/#/c/8984/1,2011-08-16,06:00:59.988000000,2011-08-16,06:09:13.125000000
645,8995,1,DirectlyApprove,Andreas Short,http://review.couchbase.org/#/c/8995/1,2011-08-16,17:30:43.402000000,2011-08-16,18:13:17.750000000
646,8997,1,DirectlyApprove,Andreas Short,http://review.couchbase.org/#/c/8997/1,2011-08-16,17:02:22.669000000,2011-08-16,17:31:03.657000000
650,8998,4,ApproveAfterChange,Kenny Maynard,http://review.couchbase.org/#/c/8998/4,2011-08-19,07:14:36.512000000,2011-08-19,07:16:11.679000000
653,8999,3,ApproveAfterChange,Kenny Maynard,http://review.couchbase.org/#/c/8999/3,,,2011-08-19,07:16:24.794000000
657,9000,4,ApproveAfterChange,Kenny Maynard,http://review.couchbase.org/#/c/9000/4,2011-08-19,07:16:52.629000000,2011-08-19,07:17:33.423000000
660,9001,3,ApproveAfterChange,Kenny Maynard,http://review.couchbase.org/#/c/9001/3,,,2011-08-19,07:17:54.571000000
664,9002,4,ApproveAfterChange,Kenny Maynard,http://review.couchbase.org/#/c/9002/4,2011-08-19,07:18:14.639000000,2011-08-19,07:18:56.674000000
668,9003,4,ApproveAfterChange,Kenny Maynard,http://review.couchbase.org/#/c/9003/4,2011-08-19,07:19:08.762000000,2011-08-19,07:19:42.422000000
672,9004,4,ApproveAfterChange,Kenny Maynard,http://review.couchbase.org/#/c/9004/4,2011-08-19,21:29:24.453000000,2011-08-19,23:00:21.359000000
674,9005,2,DirectlyApprove,Kenny Maynard,http://review.couchbase.org/#/c/9005/2,2011-08-17,16:47:13.019000000,2011-08-19,23:02:03.219000000
677,9006,3,ApproveAfterChange,Kenny Maynard,http://review.couchbase.org/#/c/9006/3,2011-08-17,17:01:39.271000000,2011-08-19,23:06:24.681000000
679,9015,2,DirectlyApprove,Kenny Maynard,http://review.couchbase.org/#/c/9015/2,2011-08-17,17:02:07.787000000,2011-08-17,21:29:26.919000000
680,9110,1,DirectlyApprove,Kenny Maynard,http://review.couchbase.org/#/c/9110/1,2011-08-19,19:29:38.036000000,2011-08-24,21:30:34.168000000
683,9111,3,ApproveAfterChange,Kenny Maynard,http://review.couchbase.org/#/c/9111/3,2011-08-22,19:39:07.000000000,2011-08-24,21:30:45.481000000
685,9161,2,DirectlyApprove,Kenny Maynard,http://review.couchbase.org/#/c/9161/2,2011-08-22,18:27:09.510000000,2011-08-24,22:06:17.256000000
687,9162,2,DirectlyApprove,Kenny Maynard,http://review.couchbase.org/#/c/9162/2,2011-08-23,19:20:50.500000000,2011-08-24,22:24:50.303000000
689,9199,2,DirectlyApprove,Kenny Maynard,http://review.couchbase.org/#/c/9199/2,,,2011-08-24,22:27:13.150000000
693,9223,4,ApproveAfterChange,Kenny Maynard,http://review.couchbase.org/#/c/9223/4,,,2011-08-25,15:00:25.073000000
696,9225,3,ApproveAfterChange,Kenny Maynard,http://review.couchbase.org/#/c/9225/3,,,2011-09-03,00:50:07.571000000
697,9226,1,DirectlyApprove,Kenny Maynard,http://review.couchbase.org/#/c/9226/1,2011-09-02,08:35:37.861000000,2011-09-03,00:51:22.097000000
698,9227,1,DirectlyApprove,Kenny Maynard,http://review.couchbase.org/#/c/9227/1,2011-08-24,22:25:02.357000000,2011-08-24,22:26:58.621000000
699,9370,1,DirectlyApprove,Kenny Maynard,http://review.couchbase.org/#/c/9370/1,2011-09-04,13:55:37.862000000,2011-09-04,13:55:39.954000000
707,9386,8,Rejected,Kenny Maynard,http://review.couchbase.org/#/c/9386/8,,,2011-09-08,21:45:45.461000000
709,9387,2,DirectlyApprove,Kenny Maynard,http://review.couchbase.org/#/c/9387/2,,,2011-09-07,20:31:21.552000000
713,9389,4,ApproveAfterChange,Kenny Maynard,http://review.couchbase.org/#/c/9389/4,2011-10-19,01:36:11.305000000,2011-10-19,01:41:32.940000000
716,9392,3,Rejected,Kenny Maynard,http://review.couchbase.org/#/c/9392/3,,,2011-09-06,18:22:12.463000000
719,9393,3,ApproveAfterChange,Kenny Maynard,http://review.couchbase.org/#/c/9393/3,,,2011-09-07,17:13:21.564000000
722,9394,3,ApproveAfterChange,Kenny Maynard,http://review.couchbase.org/#/c/9394/3,,,2011-09-07,20:32:21.581000000
726,9402,4,ApproveAfterChange,Jordyn Hooper,http://review.couchbase.org/#/c/9402/4,,,2011-09-06,23:13:53.368000000
731,9403,5,ApproveAfterChange,Jordyn Hooper,http://review.couchbase.org/#/c/9403/5,2011-09-06,23:14:24.647000000,2011-09-06,23:23:08.221000000
732,9422,1,Rejected,Jordyn Hooper,http://review.couchbase.org/#/c/9422/1,2011-09-06,21:23:19.533000000,2011-09-06,21:23:19.533000000
733,9424,1,DirectlyApprove,Kenny Maynard,http://review.couchbase.org/#/c/9424/1,2011-09-06,22:50:49.933000000,2011-09-06,22:50:52.049000000
734,9425,1,DirectlyApprove,Kenny Maynard,http://review.couchbase.org/#/c/9425/1,2011-09-06,22:51:13.645000000,2011-09-06,22:51:15.725000000
735,9426,1,Rejected,Kenny Maynard,http://review.couchbase.org/#/c/9426/1,2011-09-06,22:51:32.600000000,2011-09-06,23:17:22.804000000
738,9428,3,ApproveAfterChange,Carsen Everett,http://review.couchbase.org/#/c/9428/3,,,2011-09-20,05:53:18.227000000
739,9429,1,DirectlyApprove,Kenny Maynard,http://review.couchbase.org/#/c/9429/1,2011-09-06,23:17:34.263000000,2011-09-06,23:17:36.174000000
741,9430,2,Rejected,Carsen Everett,http://review.couchbase.org/#/c/9430/2,,,2011-09-08,21:26:07.592000000
742,9431,1,DirectlyApprove,Jordyn Hooper,http://review.couchbase.org/#/c/9431/1,2011-09-06,23:47:00.783000000,2011-09-06,23:47:02.862000000
743,9435,1,DirectlyApprove,Jordyn Hooper,http://review.couchbase.org/#/c/9435/1,2011-09-06,23:49:45.270000000,2011-09-06,23:49:47.219000000
744,9436,1,DirectlyApprove,Kenny Maynard,http://review.couchbase.org/#/c/9436/1,2011-09-07,20:25:23.059000000,2011-09-07,20:36:15.520000000
745,9437,1,DirectlyApprove,Kenny Maynard,http://review.couchbase.org/#/c/9437/1,2011-09-07,20:25:51.289000000,2011-09-08,00:28:53.460000000
746,9438,1,DirectlyApprove,Kenny Maynard,http://review.couchbase.org/#/c/9438/1,2011-09-07,20:27:33.768000000,2011-09-07,20:37:00.207000000
747,9440,1,Rejected,Laci Winters,http://review.couchbase.org/#/c/9440/1,2011-09-07,00:34:33.585000000,2011-09-07,19:50:40.255000000
748,9441,1,Rejected,Kenny Maynard,http://review.couchbase.org/#/c/9441/1,2011-09-07,00:38:51.426000000,2011-09-07,19:50:18.746000000
749,9442,1,DirectlyApprove,Kenny Maynard,http://review.couchbase.org/#/c/9442/1,2011-09-07,02:00:08.568000000,2011-09-07,17:10:22.245000000
750,9443,1,DirectlyApprove,Kenny Maynard,http://review.couchbase.org/#/c/9443/1,2011-09-07,17:06:18.644000000,2011-09-07,17:06:20.731000000
751,9450,1,DirectlyApprove,Kenny Maynard,http://review.couchbase.org/#/c/9450/1,2011-09-07,20:28:56.030000000,2011-09-07,20:37:39.398000000
755,9451,4,Rejected,Kenny Maynard,http://review.couchbase.org/#/c/9451/4,2011-09-07,20:53:19.022000000,2011-09-08,22:15:43.935000000
757,9452,2,DirectlyApprove,Kenny Maynard,http://review.couchbase.org/#/c/9452/2,2011-09-07,19:45:54.771000000,2011-09-25,00:10:03.643000000
758,9454,1,DirectlyApprove,Kenny Maynard,http://review.couchbase.org/#/c/9454/1,2011-09-07,20:48:45.549000000,2011-09-07,20:48:47.627000000
759,9455,1,DirectlyApprove,Kenny Maynard,http://review.couchbase.org/#/c/9455/1,2011-09-07,20:51:01.448000000,2011-09-07,20:51:03.486000000
761,9462,2,DirectlyApprove,Kenny Maynard,http://review.couchbase.org/#/c/9462/2,2011-09-07,23:34:17.762000000,2011-09-09,23:31:32.319000000
763,9472,2,DirectlyApprove,Kenny Maynard,http://review.couchbase.org/#/c/9472/2,,,2011-09-09,20:22:52.596000000
765,9473,2,DirectlyApprove,Kenny Maynard,http://review.couchbase.org/#/c/9473/2,2011-09-09,18:17:46.317000000,2011-09-09,20:30:42.756000000
766,9474,1,DirectlyApprove,Kenny Maynard,http://review.couchbase.org/#/c/9474/1,2011-09-09,18:16:10.075000000,2011-09-09,19:49:27.812000000
768,9475,2,DirectlyApprove,Kenny Maynard,http://review.couchbase.org/#/c/9475/2,2011-09-09,17:44:20.554000000,2011-09-09,20:21:08.808000000
772,9476,4,ApproveAfterChange,Kenny Maynard,http://review.couchbase.org/#/c/9476/4,2011-09-08,22:16:08.762000000,2011-09-20,17:36:25.168000000
774,9477,2,DirectlyApprove,Kenny Maynard,http://review.couchbase.org/#/c/9477/2,,,2011-09-09,20:30:48.169000000
775,9512,1,Rejected,Kenny Maynard,http://review.couchbase.org/#/c/9512/1,2011-09-12,02:54:55.355000000,2011-09-12,02:54:55.355000000
776,9513,1,DirectlyApprove,Kenny Maynard,http://review.couchbase.org/#/c/9513/1,2011-09-12,04:26:22.758000000,2011-09-12,17:25:23.851000000
781,9514,5,ApproveAfterChange,Kenny Maynard,http://review.couchbase.org/#/c/9514/5,2011-09-12,04:42:23.968000000,2011-10-03,17:17:27.628000000
787,9526,6,ApproveAfterChange,Kenny Maynard,http://review.couchbase.org/#/c/9526/6,2011-09-12,19:07:17.267000000,2011-09-12,19:14:13.071000000
791,9531,4,ApproveAfterChange,Kenny Maynard,http://review.couchbase.org/#/c/9531/4,,,2011-09-16,18:17:56.503000000
792,9568,1,DirectlyApprove,Kenny Maynard,http://review.couchbase.org/#/c/9568/1,2011-09-13,21:23:14.745000000,2011-09-16,07:16:55.646000000
793,9576,1,DirectlyApprove,Kenny Maynard,http://review.couchbase.org/#/c/9576/1,2011-09-14,15:55:17.767000000,2011-09-16,18:19:49.620000000
794,9591,1,DirectlyApprove,Kenny Maynard,http://review.couchbase.org/#/c/9591/1,2011-09-14,21:04:28.533000000,2011-09-14,21:06:31.797000000
795,9612,1,Rejected,Kenny Maynard,http://review.couchbase.org/#/c/9612/1,2011-09-16,02:05:41.218000000,2011-10-12,21:39:42.229000000
796,9613,1,DirectlyApprove,Kenny Maynard,http://review.couchbase.org/#/c/9613/1,2011-09-16,01:33:10.926000000,2011-10-22,00:24:35.973000000
797,9640,1,Rejected,Kenny Maynard,http://review.couchbase.org/#/c/9640/1,2011-09-16,21:04:03.722000000,2012-12-11,01:27:13.734000000
798,9641,1,DirectlyApprove,Kenny Maynard,http://review.couchbase.org/#/c/9641/1,2011-09-16,20:02:00.729000000,2011-09-16,20:02:04.678000000
799,9665,1,Rejected,Kenny Maynard,http://review.couchbase.org/#/c/9665/1,2011-09-19,18:04:52.695000000,2011-09-19,18:05:15.506000000
800,9674,1,DirectlyApprove,Kenny Maynard,http://review.couchbase.org/#/c/9674/1,2011-09-24,05:08:33.915000000,2011-09-24,19:51:01.829000000
802,9678,2,DirectlyApprove,Kenny Maynard,http://review.couchbase.org/#/c/9678/2,,,2011-09-20,21:50:11.856000000
803,9679,1,DirectlyApprove,Kenny Maynard,http://review.couchbase.org/#/c/9679/1,2011-09-24,05:09:42.142000000,2011-09-24,19:53:14.288000000
804,9710,1,DirectlyApprove,Kenny Maynard,http://review.couchbase.org/#/c/9710/1,2011-09-24,05:10:49.149000000,2011-09-24,19:51:50.268000000
806,9711,2,DirectlyApprove,Kenny Maynard,http://review.couchbase.org/#/c/9711/2,,,2011-09-25,00:01:17.270000000
813,9712,7,ApproveAfterChange,Kenny Maynard,http://review.couchbase.org/#/c/9712/7,,,2011-10-07,21:59:28.176000000
814,9713,1,DirectlyApprove,Kenny Maynard,http://review.couchbase.org/#/c/9713/1,2011-09-22,02:13:37.903000000,2011-09-22,02:13:42.763000000
817,9760,3,ApproveAfterChange,Kenny Maynard,http://review.couchbase.org/#/c/9760/3,2011-10-17,22:25:08.459000000,2011-10-21,19:03:34.736000000
820,9761,3,ApproveAfterChange,Kenny Maynard,http://review.couchbase.org/#/c/9761/3,,,2011-09-28,18:39:59.559000000
822,9762,2,DirectlyApprove,Kenny Maynard,http://review.couchbase.org/#/c/9762/2,,,2011-09-28,18:40:26.474000000
824,9763,2,DirectlyApprove,Kenny Maynard,http://review.couchbase.org/#/c/9763/2,,,2011-09-28,18:40:40.316000000
825,9764,1,DirectlyApprove,Kenny Maynard,http://review.couchbase.org/#/c/9764/1,2011-09-28,17:06:23.638000000,2011-09-28,18:40:58.008000000
827,9765,2,DirectlyApprove,Kenny Maynard,http://review.couchbase.org/#/c/9765/2,2011-09-29,00:19:20.538000000,2011-09-29,18:21:13.985000000
828,9769,1,DirectlyApprove,Kenny Maynard,http://review.couchbase.org/#/c/9769/1,2011-09-28,23:57:18.652000000,2011-09-29,00:03:50.690000000
830,9852,2,DirectlyApprove,Aleah Cummings,http://review.couchbase.org/#/c/9852/2,2011-09-29,17:20:42.027000000,2011-10-08,01:01:32.868000000
832,9986,2,DirectlyApprove,Kenny Maynard,http://review.couchbase.org/#/c/9986/2,,,2011-10-07,17:06:31.898000000
833,10009,1,Rejected,Kenny Maynard,http://review.couchbase.org/#/c/10009/1,2011-10-13,06:37:33.358000000,2011-10-13,06:37:33.358000000
835,10026,2,DirectlyApprove,Andreas Short,http://review.couchbase.org/#/c/10026/2,,,2011-10-14,20:13:01.495000000
837,10027,2,DirectlyApprove,Andreas Short,http://review.couchbase.org/#/c/10027/2,,,2011-10-09,19:14:36.428000000
838,10058,1,Rejected,Kenny Maynard,http://review.couchbase.org/#/c/10058/1,2011-10-12,21:40:01.472000000,2011-10-12,21:40:01.472000000
839,10059,1,DirectlyApprove,Andreas Short,http://review.couchbase.org/#/c/10059/1,2011-10-11,04:47:20.722000000,2011-10-11,04:47:23.295000000
840,10098,1,DirectlyApprove,Noah Dean,http://review.couchbase.org/#/c/10098/1,2011-10-12,17:09:06.591000000,2011-10-12,17:15:09.303000000
842,10186,2,DirectlyApprove,Andreas Short,http://review.couchbase.org/#/c/10186/2,,,2011-10-18,19:34:33.725000000
843,10202,1,DirectlyApprove,Kenny Maynard,http://review.couchbase.org/#/c/10202/1,2011-10-19,02:56:53.586000000,2011-10-19,02:58:08.675000000
850,10260,7,ApproveAfterChange,Kenny Maynard,http://review.couchbase.org/#/c/10260/7,2011-10-21,00:55:38.198000000,2011-10-23,18:46:08.946000000
851,10294,1,DirectlyApprove,Kenny Maynard,http://review.couchbase.org/#/c/10294/1,2011-10-22,19:55:51.400000000,2011-10-22,20:30:33.048000000
852,10297,1,DirectlyApprove,Andreas Short,http://review.couchbase.org/#/c/10297/1,2011-10-23,20:25:49.787000000,2011-10-23,20:52:58.655000000
853,10298,1,Rejected,Kenny Maynard,http://review.couchbase.org/#/c/10298/1,2011-10-24,00:47:41.490000000,2011-10-24,00:47:41.490000000
854,10299,1,DirectlyApprove,Andreas Short,http://review.couchbase.org/#/c/10299/1,2011-10-23,21:14:23.979000000,2011-10-23,21:45:10.463000000
855,10300,1,DirectlyApprove,Andreas Short,http://review.couchbase.org/#/c/10300/1,2011-10-23,21:51:37.616000000,2011-10-23,23:19:16.633000000
856,10301,1,DirectlyApprove,Andreas Short,http://review.couchbase.org/#/c/10301/1,2011-10-23,21:52:47.521000000,2011-10-23,23:19:32.810000000
857,10302,1,DirectlyApprove,Andreas Short,http://review.couchbase.org/#/c/10302/1,2011-10-23,22:54:23.553000000,2011-10-23,23:19:49.040000000
858,10304,1,DirectlyApprove,Kenny Maynard,http://review.couchbase.org/#/c/10304/1,2011-10-24,01:00:53.730000000,2011-10-24,01:02:08.872000000
859,10328,1,DirectlyApprove,Kenny Maynard,http://review.couchbase.org/#/c/10328/1,2011-10-24,22:28:42.457000000,2011-10-27,20:15:57.801000000
867,11099,8,ApproveAfterChange,Kenny Maynard,http://review.couchbase.org/#/c/11099/8,,,2012-01-02,21:00:09.661000000
870,11100,3,ApproveAfterChange,Kenny Maynard,http://review.couchbase.org/#/c/11100/3,,,2012-01-02,21:00:41.570000000
873,11101,3,ApproveAfterChange,Kenny Maynard,http://review.couchbase.org/#/c/11101/3,,,2012-01-02,21:00:52.715000000
876,11102,3,ApproveAfterChange,Kenny Maynard,http://review.couchbase.org/#/c/11102/3,,,2012-01-02,22:45:05.883000000
878,11103,2,DirectlyApprove,Kenny Maynard,http://review.couchbase.org/#/c/11103/2,,,2012-01-02,22:52:26.181000000
880,11104,2,DirectlyApprove,Kenny Maynard,http://review.couchbase.org/#/c/11104/2,,,2012-01-02,23:07:43.581000000
882,11105,2,DirectlyApprove,Kenny Maynard,http://review.couchbase.org/#/c/11105/2,,,2012-01-02,23:07:55.861000000
884,11106,2,DirectlyApprove,Kenny Maynard,http://review.couchbase.org/#/c/11106/2,,,2012-01-02,23:08:10.225000000
885,11107,1,DirectlyApprove,Kenny Maynard,http://review.couchbase.org/#/c/11107/1,2012-01-03,00:07:26.202000000,2012-01-03,00:07:27.174000000
886,11108,1,DirectlyApprove,Kenny Maynard,http://review.couchbase.org/#/c/11108/1,2012-01-03,00:23:37.181000000,2012-01-03,00:23:37.531000000
887,11109,1,DirectlyApprove,Kenny Maynard,http://review.couchbase.org/#/c/11109/1,2012-01-03,00:26:17.162000000,2012-01-03,00:26:17.511000000
888,11111,1,Rejected,Kenny Maynard,http://review.couchbase.org/#/c/11111/1,2011-12-06,03:24:15.650000000,2012-06-11,00:27:16.675000000
890,11112,2,Rejected,Kenny Maynard,http://review.couchbase.org/#/c/11112/2,,,2012-02-24,18:28:06.208000000
891,11947,1,Rejected,Andreas Short,http://review.couchbase.org/#/c/11947/1,2011-12-28,22:33:50.108000000,2011-12-29,00:39:17.469000000
893,11950,2,Rejected,Marisa Vance,http://review.couchbase.org/#/c/11950/2,2011-12-29,00:36:24.108000000,2011-12-29,07:05:19.279000000
898,12049,5,ApproveAfterChange,Kenny Maynard,http://review.couchbase.org/#/c/12049/5,2012-01-08,07:08:11.540000000,2012-01-08,16:37:30.552000000
899,12052,1,DirectlyApprove,Kenny Maynard,http://review.couchbase.org/#/c/12052/1,2012-01-06,00:20:52.403000000,2012-01-06,00:26:06.849000000
900,12088,1,DirectlyApprove,Marisa Vance,http://review.couchbase.org/#/c/12088/1,2012-01-06,00:02:38.932000000,2012-01-06,00:33:55.175000000
912,12127,12,ApproveAfterChange,Kenny Maynard,http://review.couchbase.org/#/c/12127/12,,,2012-01-08,04:43:20.870000000
916,12137,4,ApproveAfterChange,Kenny Maynard,http://review.couchbase.org/#/c/12137/4,,,2012-01-08,04:49:06.304000000
917,12138,1,DirectlyApprove,Kenny Maynard,http://review.couchbase.org/#/c/12138/1,2012-01-08,03:56:11.341000000,2012-01-08,03:56:11.827000000
918,12139,1,DirectlyApprove,Kenny Maynard,http://review.couchbase.org/#/c/12139/1,2012-01-08,03:57:53.439000000,2012-01-08,04:52:16.124000000
920,12141,2,DirectlyApprove,Kenny Maynard,http://review.couchbase.org/#/c/12141/2,,,2012-01-08,06:05:26.244000000
926,12142,6,ApproveAfterChange,Kenny Maynard,http://review.couchbase.org/#/c/12142/6,,,2012-01-08,06:07:43.110000000
928,12143,2,DirectlyApprove,Kenny Maynard,http://review.couchbase.org/#/c/12143/2,2012-01-08,06:05:59.389000000,2012-01-08,16:47:53.667000000
930,12158,2,DirectlyApprove,Kenny Maynard,http://review.couchbase.org/#/c/12158/2,2012-01-09,03:48:03.628000000,2012-01-11,02:00:30.222000000
933,12283,3,ApproveAfterChange,Dakota Woodward,http://review.couchbase.org/#/c/12283/3,,,2012-01-22,17:12:13.758000000
936,12298,3,ApproveAfterChange,Kenny Maynard,http://review.couchbase.org/#/c/12298/3,,,2012-01-12,18:50:29.007000000
939,12573,3,ApproveAfterChange,Marisa Vance,http://review.couchbase.org/#/c/12573/3,2012-01-22,00:42:37.191000000,2012-01-22,02:52:42.236000000
940,12575,1,DirectlyApprove,Marisa Vance,http://review.couchbase.org/#/c/12575/1,2012-01-22,04:51:22.731000000,2012-01-22,04:51:23.366000000
941,12581,1,DirectlyApprove,Marisa Vance,http://review.couchbase.org/#/c/12581/1,2012-01-22,16:21:09.781000000,2012-01-22,16:21:10.177000000
946,12908,5,ApproveAfterChange,Marisa Vance,http://review.couchbase.org/#/c/12908/5,2012-02-02,07:00:37.820000000,2012-02-06,20:12:38.947000000
947,12992,1,Rejected,Kenny Maynard,http://review.couchbase.org/#/c/12992/1,2012-02-03,23:13:50.984000000,2012-02-03,23:33:11.162000000
952,13081,5,ApproveAfterChange,Kenny Maynard,http://review.couchbase.org/#/c/13081/5,,,2012-02-20,00:26:18.988000000
956,13084,4,ApproveAfterChange,Kenny Maynard,http://review.couchbase.org/#/c/13084/4,2012-02-18,21:39:25.693000000,2012-02-20,02:57:28.549000000
960,13361,4,ApproveAfterChange,Andreas Short,http://review.couchbase.org/#/c/13361/4,,,2012-03-22,00:37:53.988000000
962,13362,2,DirectlyApprove,Andreas Short,http://review.couchbase.org/#/c/13362/2,,,2012-02-20,02:57:58.885000000
964,13509,2,DirectlyApprove,Andreas Short,http://review.couchbase.org/#/c/13509/2,2012-02-24,18:36:32.434000000,2012-03-16,18:54:16.977000000
967,13510,3,ApproveAfterChange,Andreas Short,http://review.couchbase.org/#/c/13510/3,2012-02-24,18:43:59.110000000,2012-03-21,06:06:29.111000000
968,13570,1,DirectlyApprove,Kyle Spencer,http://review.couchbase.org/#/c/13570/1,2012-02-24,18:49:06.247000000,2012-07-12,18:29:44.458000000
973,13571,5,ApproveAfterChange,Kyle Spencer,http://review.couchbase.org/#/c/13571/5,2012-07-21,18:40:58.703000000,2012-07-24,01:20:51.608000000
974,13676,1,Rejected,Kyle Spencer,http://review.couchbase.org/#/c/13676/1,2012-02-28,22:45:45.447000000,2013-04-16,21:55:32.382000000
975,13995,1,DirectlyApprove,Andreas Short,http://review.couchbase.org/#/c/13995/1,2012-03-16,18:58:10.050000000,2012-03-21,06:06:12.507000000
978,13996,3,ApproveAfterChange,Andreas Short,http://review.couchbase.org/#/c/13996/3,,,2012-03-21,06:19:39.312000000
979,14142,1,DirectlyApprove,Andreas Short,http://review.couchbase.org/#/c/14142/1,2012-03-21,05:51:37.502000000,2012-03-21,05:57:31.191000000
980,14143,1,DirectlyApprove,Andreas Short,http://review.couchbase.org/#/c/14143/1,2012-03-21,09:28:25.318000000,2012-03-21,15:38:35.699000000
981,14158,1,DirectlyApprove,Andreas Short,http://review.couchbase.org/#/c/14158/1,2012-03-21,16:48:17.821000000,2012-03-21,18:46:27.471000000
982,14159,1,DirectlyApprove,Andreas Short,http://review.couchbase.org/#/c/14159/1,2012-03-21,16:48:09.136000000,2012-03-21,21:46:13.664000000
983,15947,1,DirectlyApprove,Kenny Maynard,http://review.couchbase.org/#/c/15947/1,2012-05-26,16:26:23.462000000,2012-06-02,03:11:11.161000000
987,15948,4,ApproveAfterChange,Kenny Maynard,http://review.couchbase.org/#/c/15948/4,2012-05-26,18:18:16.593000000,2012-06-04,02:39:17.487000000
992,15949,5,ApproveAfterChange,Kenny Maynard,http://review.couchbase.org/#/c/15949/5,2012-05-26,18:30:07.240000000,2012-06-04,02:59:49.459000000
995,16251,3,ApproveAfterChange,Kenny Maynard,http://review.couchbase.org/#/c/16251/3,2012-05-21,17:53:03.632000000,2012-05-23,05:07:30.035000000
999,16255,4,ApproveAfterChange,Andreas Short,http://review.couchbase.org/#/c/16255/4,2012-05-21,18:34:23.240000000,2012-06-09,05:26:18.329000000
1002,16256,3,ApproveAfterChange,Andreas Short,http://review.couchbase.org/#/c/16256/3,2012-05-21,18:41:16.305000000,2012-06-09,05:29:26.674000000
1007,16257,5,ApproveAfterChange,Andreas Short,http://review.couchbase.org/#/c/16257/5,2012-05-21,19:01:47.006000000,2012-05-24,20:40:38.670000000
1010,16335,3,ApproveAfterChange,Andreas Short,http://review.couchbase.org/#/c/16335/3,2012-05-24,20:42:22.047000000,2012-05-24,20:42:52.675000000
1011,16714,1,Rejected,Kenny Maynard,http://review.couchbase.org/#/c/16714/1,2012-07-11,06:02:02.622000000,2013-06-13,20:21:49.977000000
1012,17026,1,DirectlyApprove,Kenny Maynard,http://review.couchbase.org/#/c/17026/1,2012-06-15,17:07:51.785000000,2012-06-15,18:12:44.601000000
1014,17027,2,DirectlyApprove,Kenny Maynard,http://review.couchbase.org/#/c/17027/2,2012-06-15,17:03:28.559000000,2012-06-29,22:41:38.965000000
1015,17028,1,DirectlyApprove,Kenny Maynard,http://review.couchbase.org/#/c/17028/1,2012-06-15,17:08:55.089000000,2012-06-15,18:13:08.715000000
1019,17640,4,ApproveAfterChange,Kenny Maynard,http://review.couchbase.org/#/c/17640/4,2012-06-27,01:56:13.244000000,2012-06-29,22:26:18.513000000
1020,17666,1,DirectlyApprove,Andreas Short,http://review.couchbase.org/#/c/17666/1,2012-06-27,17:41:46.854000000,2012-07-03,19:21:40.960000000
1021,17667,1,DirectlyApprove,Andreas Short,http://review.couchbase.org/#/c/17667/1,2012-06-27,17:43:53.833000000,2012-07-11,06:02:41.984000000
1024,18196,3,ApproveAfterChange,Kenny Maynard,http://review.couchbase.org/#/c/18196/3,,,2012-07-11,05:43:16.433000000
1028,18670,4,ApproveAfterChange,Andreas Short,http://review.couchbase.org/#/c/18670/4,2012-07-23,01:07:05.109000000,2012-07-24,05:28:58.174000000
1029,18682,1,DirectlyApprove,Andreas Short,http://review.couchbase.org/#/c/18682/1,2012-07-23,08:59:27.373000000,2012-07-23,14:51:39.273000000
1031,18683,2,DirectlyApprove,Andreas Short,http://review.couchbase.org/#/c/18683/2,2012-07-23,18:14:26.564000000,2012-07-25,02:17:14.589000000
1032,18693,1,Rejected,Natasha Sullivan,http://review.couchbase.org/#/c/18693/1,2012-07-23,15:34:03.840000000,2015-01-29,15:23:43.636000000
1034,18996,2,DirectlyApprove,Andreas Short,http://review.couchbase.org/#/c/18996/2,,,2012-07-30,17:03:13.984000000
1035,19035,1,DirectlyApprove,Andreas Short,http://review.couchbase.org/#/c/19035/1,2012-07-30,22:11:41.754000000,2012-07-30,22:14:00.854000000
1036,19066,1,Rejected,Marisa Vance,http://review.couchbase.org/#/c/19066/1,2012-08-03,23:02:14.131000000,2012-08-17,02:32:54.462000000
1038,19534,2,DirectlyApprove,Marisa Vance,http://review.couchbase.org/#/c/19534/2,2012-08-13,00:49:37.088000000,2012-08-13,03:29:50.046000000
1041,19537,3,ApproveAfterChange,Marisa Vance,http://review.couchbase.org/#/c/19537/3,,,2012-08-17,07:15:30.153000000
1045,19538,4,ApproveAfterChange,Marisa Vance,http://review.couchbase.org/#/c/19538/4,,,2012-08-19,19:47:37.504000000
1047,19755,2,Rejected,Kenny Maynard,http://review.couchbase.org/#/c/19755/2,2012-08-17,05:31:42.936000000,2013-06-04,20:31:27.141000000
1048,19846,1,Rejected,Braelyn Crane,http://review.couchbase.org/#/c/19846/1,2012-08-21,02:53:12.816000000,2012-08-21,02:53:12.816000000
1049,19847,1,DirectlyApprove,Andreas Short,http://review.couchbase.org/#/c/19847/1,2012-08-19,21:02:00.474000000,2012-08-19,21:02:00.786000000
1053,19919,4,ApproveAfterChange,Marisa Vance,http://review.couchbase.org/#/c/19919/4,2012-08-21,00:41:18.805000000,2012-08-21,03:01:57.390000000
1054,20818,1,Rejected,Marisa Vance,http://review.couchbase.org/#/c/20818/1,2012-09-28,06:06:09.943000000,2012-09-28,06:06:09.943000000
1056,20850,2,Rejected,Kenny Maynard,http://review.couchbase.org/#/c/20850/2,,,2012-09-17,23:07:06.066000000
1064,21139,8,Rejected,Marisa Vance,http://review.couchbase.org/#/c/21139/8,2012-09-27,18:47:09.881000000,2013-01-30,14:06:17.313000000
1065,21140,1,Rejected,Marisa Vance,http://review.couchbase.org/#/c/21140/1,2012-09-27,18:34:33.618000000,2013-01-09,08:08:57.177000000
1066,21378,1,Rejected,Natasha Sullivan,http://review.couchbase.org/#/c/21378/1,2012-10-05,17:41:04.140000000,2012-10-08,10:15:44.418000000
1070,23486,4,Rejected,Natasha Sullivan,http://review.couchbase.org/#/c/23486/4,2012-12-21,09:30:23.900000000,2013-06-04,09:42:35.812000000
1071,24968,1,Rejected,Yasmin Rush,http://review.couchbase.org/#/c/24968/1,2013-03-04,10:48:51.863000000,2013-03-05,11:08:48.682000000
1073,25741,2,Rejected,Eugene Knapp,http://review.couchbase.org/#/c/25741/2,2013-04-17,22:24:01.345000000,2013-06-24,13:16:04.452000000
1075,26290,2,Rejected,Natasha Sullivan,http://review.couchbase.org/#/c/26290/2,,,2013-06-27,06:09:41.622000000
1078,26859,3,Rejected,Natasha Sullivan,http://review.couchbase.org/#/c/26859/3,2013-06-10,18:22:53.825000000,2013-11-20,15:02:13.910000000
1080,27630,2,Rejected,Natasha Sullivan,http://review.couchbase.org/#/c/27630/2,2013-07-24,12:26:16.460000000,2013-11-20,15:01:59.113000000
1083,28018,3,ApproveAfterChange,Natasha Sullivan,http://review.couchbase.org/#/c/28018/3,2013-08-30,08:40:02.181000000,2013-08-30,10:13:51.760000000
1097,28025,14,ApproveAfterChange,Natasha Sullivan,http://review.couchbase.org/#/c/28025/14,2013-08-08,15:23:53.495000000,2013-09-05,06:22:16.300000000
1105,28292,8,ApproveAfterChange,Natasha Sullivan,http://review.couchbase.org/#/c/28292/8,,,2013-08-27,16:57:04.539000000
1111,28575,6,ApproveAfterChange,Natasha Sullivan,http://review.couchbase.org/#/c/28575/6,,,2013-09-04,07:19:27.227000000
1113,28738,2,DirectlyApprove,Natasha Sullivan,http://review.couchbase.org/#/c/28738/2,2013-09-02,09:40:31.759000000,2013-09-02,09:45:06.998000000
1115,28765,2,DirectlyApprove,Natasha Sullivan,http://review.couchbase.org/#/c/28765/2,2013-09-03,15:34:49.704000000,2013-09-03,15:38:11.969000000
1118,28792,3,ApproveAfterChange,Natasha Sullivan,http://review.couchbase.org/#/c/28792/3,,,2013-09-04,16:40:35.502000000
1120,29346,2,DirectlyApprove,Natasha Sullivan,http://review.couchbase.org/#/c/29346/2,2013-10-08,04:49:23.883000000,2013-10-08,13:43:17.168000000
1124,29372,4,ApproveAfterChange,Natasha Sullivan,http://review.couchbase.org/#/c/29372/4,2013-10-08,04:47:43.297000000,2013-10-09,16:48:53.012000000
1128,29373,4,ApproveAfterChange,Natasha Sullivan,http://review.couchbase.org/#/c/29373/4,2013-10-08,04:45:22.524000000,2013-10-09,16:43:22.465000000
1130,29548,2,DirectlyApprove,Natasha Sullivan,http://review.couchbase.org/#/c/29548/2,2013-10-16,04:18:35.857000000,2013-10-16,05:48:51.821000000
1132,29584,2,DirectlyApprove,Natasha Sullivan,http://review.couchbase.org/#/c/29584/2,2013-10-17,19:53:21.685000000,2013-10-21,08:15:10.304000000
1135,29585,3,ApproveAfterChange,Natasha Sullivan,http://review.couchbase.org/#/c/29585/3,2013-10-16,17:39:22.811000000,2013-11-28,11:42:29.499000000
1137,29657,2,DirectlyApprove,Natasha Sullivan,http://review.couchbase.org/#/c/29657/2,2013-11-26,07:21:46.378000000,2013-11-28,11:43:31.058000000
1142,30415,5,ApproveAfterChange,Natasha Sullivan,http://review.couchbase.org/#/c/30415/5,2013-11-20,09:31:41.951000000,2013-11-28,11:53:27.261000000
1145,30416,3,ApproveAfterChange,Natasha Sullivan,http://review.couchbase.org/#/c/30416/3,2013-11-20,14:00:21.229000000,2013-11-28,12:01:19.084000000
1149,30417,4,ApproveAfterChange,Natasha Sullivan,http://review.couchbase.org/#/c/30417/4,2013-11-20,14:00:29.338000000,2013-12-02,05:52:04.953000000
1153,30418,4,ApproveAfterChange,Natasha Sullivan,http://review.couchbase.org/#/c/30418/4,2013-11-20,14:57:32.957000000,2013-11-28,12:07:20.630000000
1155,30447,2,DirectlyApprove,Natasha Sullivan,http://review.couchbase.org/#/c/30447/2,2013-11-26,07:26:27.647000000,2013-11-28,11:54:03.516000000
1160,30448,5,ApproveAfterChange,Natasha Sullivan,http://review.couchbase.org/#/c/30448/5,2013-11-26,07:25:51.269000000,2014-01-31,07:54:14.809000000
1163,30701,3,ApproveAfterChange,Natasha Sullivan,http://review.couchbase.org/#/c/30701/3,,,2013-12-02,05:51:20.271000000
1165,31669,2,DirectlyApprove,Natasha Sullivan,http://review.couchbase.org/#/c/31669/2,2014-01-07,13:36:51.851000000,2014-01-07,16:25:48.534000000
1168,31670,3,ApproveAfterChange,Natasha Sullivan,http://review.couchbase.org/#/c/31670/3,2014-01-07,16:13:57.877000000,2014-01-07,16:26:39.850000000
1173,31714,5,ApproveAfterChange,Natasha Sullivan,http://review.couchbase.org/#/c/31714/5,2014-01-08,16:03:31.383000000,2014-01-08,17:18:18.901000000
1176,31715,3,ApproveAfterChange,Natasha Sullivan,http://review.couchbase.org/#/c/31715/3,2014-01-08,16:10:41.178000000,2014-02-03,15:57:56.767000000
1178,31732,2,DirectlyApprove,Natasha Sullivan,http://review.couchbase.org/#/c/31732/2,2014-01-08,17:24:10.299000000,2014-01-08,17:24:42.636000000
1182,31828,4,ApproveAfterChange,Eliana Simpson,http://review.couchbase.org/#/c/31828/4,2014-01-10,21:14:40.416000000,2014-01-16,08:51:52.257000000
1183,32336,1,Rejected,Eliana Simpson,http://review.couchbase.org/#/c/32336/1,2014-01-15,10:28:08.650000000,2014-01-15,18:47:20.514000000
1188,32337,5,ApproveAfterChange,Eliana Simpson,http://review.couchbase.org/#/c/32337/5,2014-01-15,10:52:37.529000000,2014-01-16,08:57:18.900000000
1189,32430,1,Rejected,Eliana Simpson,http://review.couchbase.org/#/c/32430/1,2014-01-15,18:40:32.973000000,2014-01-15,18:40:32.973000000
1193,32588,4,ApproveAfterChange,Yasmin Rush,http://review.couchbase.org/#/c/32588/4,,,2014-02-14,07:12:26.172000000
1198,33405,5,ApproveAfterChange,Natasha Sullivan,http://review.couchbase.org/#/c/33405/5,2014-02-10,15:21:56.314000000,2014-02-25,11:44:00.079000000
1205,33700,7,ApproveAfterChange,Natasha Sullivan,http://review.couchbase.org/#/c/33700/7,,,2014-03-06,09:19:36.852000000
1210,33799,5,ApproveAfterChange,Natasha Sullivan,http://review.couchbase.org/#/c/33799/5,2014-02-20,12:41:50.707000000,2014-02-25,11:22:18.509000000
1213,33800,3,ApproveAfterChange,Natasha Sullivan,http://review.couchbase.org/#/c/33800/3,2014-02-20,14:31:16.655000000,2014-02-25,08:32:41.883000000
1215,34184,2,DirectlyApprove,Natasha Sullivan,http://review.couchbase.org/#/c/34184/2,2014-03-05,13:18:24.972000000,2014-03-06,09:19:11.996000000
1222,34257,7,ApproveAfterChange,Natasha Sullivan,http://review.couchbase.org/#/c/34257/7,2014-03-07,09:34:58.888000000,2014-03-26,10:05:06.589000000
1225,34625,3,Rejected,Natasha Sullivan,http://review.couchbase.org/#/c/34625/3,2014-03-18,08:39:04.441000000,2014-03-24,08:46:19.565000000
1229,34728,4,ApproveAfterChange,Natasha Sullivan,http://review.couchbase.org/#/c/34728/4,2014-03-20,13:15:32.834000000,2014-03-20,14:14:03.224000000
1236,34845,7,ApproveAfterChange,Natasha Sullivan,http://review.couchbase.org/#/c/34845/7,2014-03-24,08:18:42.176000000,2014-03-27,06:37:16.745000000
1240,34846,4,ApproveAfterChange,Natasha Sullivan,http://review.couchbase.org/#/c/34846/4,2014-03-24,08:43:43.034000000,2014-03-26,09:17:49.989000000
1243,34849,3,ApproveAfterChange,Natasha Sullivan,http://review.couchbase.org/#/c/34849/3,2014-03-24,09:17:57.870000000,2014-03-26,09:21:23.860000000
1247,34852,4,ApproveAfterChange,Natasha Sullivan,http://review.couchbase.org/#/c/34852/4,2014-03-24,12:41:01.210000000,2014-03-26,09:31:54.410000000
1255,34883,8,ApproveAfterChange,Natasha Sullivan,http://review.couchbase.org/#/c/34883/8,2014-03-25,09:18:39.909000000,2014-04-04,07:12:14.421000000
1257,34936,2,DirectlyApprove,Natasha Sullivan,http://review.couchbase.org/#/c/34936/2,2014-03-26,12:41:31.691000000,2014-03-27,06:35:14.650000000
1259,34938,2,DirectlyApprove,Natasha Sullivan,http://review.couchbase.org/#/c/34938/2,2014-03-26,13:53:18.245000000,2014-03-27,06:35:37.764000000
1261,34977,2,DirectlyApprove,Natasha Sullivan,http://review.couchbase.org/#/c/34977/2,2014-03-27,07:51:13.541000000,2014-03-27,15:21:54.200000000
1263,35553,2,DirectlyApprove,Natasha Sullivan,http://review.couchbase.org/#/c/35553/2,2014-04-10,14:35:51.576000000,2014-04-14,14:02:48.519000000
1267,35672,4,ApproveAfterChange,Natasha Sullivan,http://review.couchbase.org/#/c/35672/4,2014-04-14,06:35:59.599000000,2014-04-14,12:26:31.028000000
1269,36208,2,DirectlyApprove,Natasha Sullivan,http://review.couchbase.org/#/c/36208/2,2014-04-23,07:46:14.730000000,2014-04-23,14:59:36.213000000
1277,36219,8,ApproveAfterChange,Natasha Sullivan,http://review.couchbase.org/#/c/36219/8,2014-04-23,14:57:43.164000000,2014-05-05,15:14:17.554000000
1280,36221,3,ApproveAfterChange,Natasha Sullivan,http://review.couchbase.org/#/c/36221/3,2014-04-23,15:23:23.553000000,2014-05-05,10:16:50.994000000
1286,36222,6,ApproveAfterChange,Natasha Sullivan,http://review.couchbase.org/#/c/36222/6,2014-04-23,15:56:42.938000000,2014-05-05,15:19:40.821000000
1289,36258,3,ApproveAfterChange,Natasha Sullivan,http://review.couchbase.org/#/c/36258/3,2014-04-24,08:13:35.477000000,2014-05-05,15:15:24.673000000
1292,36695,3,ApproveAfterChange,Natasha Sullivan,http://review.couchbase.org/#/c/36695/3,2014-05-05,07:00:11.577000000,2014-05-05,15:12:05.870000000
1295,36698,3,ApproveAfterChange,Natasha Sullivan,http://review.couchbase.org/#/c/36698/3,2014-05-05,08:40:22.890000000,2014-05-07,17:44:47.819000000
1298,37603,3,ApproveAfterChange,Natasha Sullivan,http://review.couchbase.org/#/c/37603/3,2014-05-27,10:05:09.675000000,2014-06-02,07:30:32.009000000
1300,37646,2,DirectlyApprove,Natasha Sullivan,http://review.couchbase.org/#/c/37646/2,2014-05-28,08:18:56.741000000,2014-06-02,07:29:33.676000000
1303,37647,3,ApproveAfterChange,Natasha Sullivan,http://review.couchbase.org/#/c/37647/3,2014-05-28,09:03:19.644000000,2014-06-02,16:29:23.191000000
1307,37724,4,ApproveAfterChange,Natasha Sullivan,http://review.couchbase.org/#/c/37724/4,2014-06-02,09:50:21.188000000,2014-06-04,14:40:56.530000000
1315,37725,8,ApproveAfterChange,Natasha Sullivan,http://review.couchbase.org/#/c/37725/8,2014-06-02,10:44:21.924000000,2014-06-04,14:41:17.183000000
1317,37839,2,DirectlyApprove,Natasha Sullivan,http://review.couchbase.org/#/c/37839/2,2014-06-04,15:56:07.328000000,2014-06-04,15:56:26.564000000
1318,38346,1,Rejected,Valentin Mullins,http://review.couchbase.org/#/c/38346/1,2014-06-16,21:31:27.401000000,2014-06-17,06:20:59.749000000
1320,38358,2,DirectlyApprove,Natasha Sullivan,http://review.couchbase.org/#/c/38358/2,2014-06-17,07:18:33.055000000,2014-06-17,07:58:52.596000000
1322,38359,2,DirectlyApprove,Mollie Lynn,http://review.couchbase.org/#/c/38359/2,2014-06-17,07:40:57.264000000,2014-06-17,07:59:06.724000000
1325,38669,3,ApproveAfterChange,Natasha Sullivan,http://review.couchbase.org/#/c/38669/3,2014-06-23,15:05:02.907000000,2014-06-24,06:55:24.519000000
1326,38918,1,Rejected,Andreas Short,http://review.couchbase.org/#/c/38918/1,2014-06-28,06:00:57.871000000,2014-06-28,06:00:57.871000000
1328,42925,2,DirectlyApprove,Natasha Sullivan,http://review.couchbase.org/#/c/42925/2,2014-11-07,10:31:13.216000000,2014-11-21,15:14:57.906000000
1330,43040,2,DirectlyApprove,Natasha Sullivan,http://review.couchbase.org/#/c/43040/2,2014-11-10,08:01:00.899000000,2014-11-10,08:34:38.943000000
1334,44144,4,ApproveAfterChange,Kathy Barber,http://review.couchbase.org/#/c/44144/4,2014-12-09,14:04:34.453000000,2014-12-10,12:03:29.245000000
1337,44176,3,Rejected,Natasha Sullivan,http://review.couchbase.org/#/c/44176/3,2014-12-10,12:01:58.159000000,2016-02-17,11:34:13.769000000
1340,44565,3,ApproveAfterChange,Margaret Burgess,http://review.couchbase.org/#/c/44565/3,2014-12-21,02:14:12.955000000,2015-01-09,11:24:47.108000000
1342,45129,2,DirectlyApprove,Natasha Sullivan,http://review.couchbase.org/#/c/45129/2,2015-01-09,10:40:35.800000000,2015-01-09,11:25:05.175000000
1344,45131,2,DirectlyApprove,Natasha Sullivan,http://review.couchbase.org/#/c/45131/2,2015-01-09,10:57:56.147000000,2015-01-09,11:25:01.105000000
1346,45554,2,DirectlyApprove,Natasha Sullivan,http://review.couchbase.org/#/c/45554/2,2015-01-19,09:09:11.270000000,2015-01-19,09:12:38.865000000
1353,47624,7,ApproveAfterChange,Amelie Brooks,http://review.couchbase.org/#/c/47624/7,2015-03-03,16:41:40.812000000,2015-05-19,05:46:14.025000000
1354,48015,1,Rejected,Amelie Brooks,http://review.couchbase.org/#/c/48015/1,2015-03-10,18:12:27.004000000,2015-03-10,18:13:29.977000000
1356,48076,2,DirectlyApprove,Natasha Sullivan,http://review.couchbase.org/#/c/48076/2,2015-03-11,06:54:38.307000000,2015-03-11,08:27:56.261000000
1359,51546,3,ApproveAfterChange,Margaret Burgess,http://review.couchbase.org/#/c/51546/3,2015-05-29,02:24:26.724000000,2015-06-11,09:38:26.236000000
1362,58266,3,ApproveAfterChange,Marianna Villa,http://review.couchbase.org/#/c/58266/3,2016-01-05,14:13:50.285000000,2016-01-13,18:49:19.782000000
1365,61927,3,ApproveAfterChange,Natasha Sullivan,http://review.couchbase.org/#/c/61927/3,2016-03-24,10:58:23.577000000,2016-04-04,10:41:31.476000000
1367,66575,2,Rejected,Dakota Woodward,http://review.couchbase.org/#/c/66575/2,2016-08-08,15:55:31.908000000,2016-08-31,15:14:59.186000000
1371,69938,4,ApproveAfterChange,Natasha Sullivan,http://review.couchbase.org/#/c/69938/4,2016-11-16,08:11:40.616000000,2017-04-07,06:02:15.344000000
1372,72269,1,Rejected,Rodrigo Graham,http://review.couchbase.org/#/c/72269/1,2017-01-20,06:38:49.672000000,2017-01-20,06:51:55.403000000
1375,72270,3,ApproveAfterChange,Rodrigo Graham,http://review.couchbase.org/#/c/72270/3,2017-01-20,06:46:40.368000000,2017-02-01,07:00:00.274000000
1377,75116,2,DirectlyApprove,Natasha Sullivan,http://review.couchbase.org/#/c/75116/2,2017-03-14,06:59:39.847000000,2017-03-14,09:16:28.104000000
1380,76567,3,ApproveAfterChange,Princess Huerta,http://review.couchbase.org/#/c/76567/3,2017-04-10,16:42:35.416000000,2017-04-10,16:43:32.906000000
1382,81810,2,DirectlyApprove,Jadyn Kaufman,http://review.couchbase.org/#/c/81810/2,2017-08-03,03:54:23.733000000,2017-08-03,03:55:31.535000000
