review_number,revision_number,status,author,url,close_date,close_time
36099,1,DirectlyApprove,Natasha Sullivan,http://review.couchbase.org/#/c/36099/1,2014-04-21,18:11:47.220000000
36134,1,DirectlyApprove,Natasha Sullivan,http://review.couchbase.org/#/c/36134/1,2014-04-22,11:28:56.979000000
36204,1,DirectlyApprove,Natasha Sullivan,http://review.couchbase.org/#/c/36204/1,2014-04-23,07:01:08.015000000
36211,1,DirectlyApprove,Natasha Sullivan,http://review.couchbase.org/#/c/36211/1,2014-04-23,10:16:22.228000000
36214,1,DirectlyApprove,Natasha Sullivan,http://review.couchbase.org/#/c/36214/1,2014-04-23,12:23:47.803000000
36215,2,DirectlyApprove,Natasha Sullivan,http://review.couchbase.org/#/c/36215/2,2014-04-23,17:07:08.441000000
36291,1,DirectlyApprove,Natasha Sullivan,http://review.couchbase.org/#/c/36291/1,2014-04-25,12:47:18.392000000
36742,1,DirectlyApprove,Natasha Sullivan,http://review.couchbase.org/#/c/36742/1,2014-05-06,13:14:42.282000000
36841,1,DirectlyApprove,Natasha Sullivan,http://review.couchbase.org/#/c/36841/1,2014-05-08,15:43:42.380000000
36886,1,DirectlyApprove,Natasha Sullivan,http://review.couchbase.org/#/c/36886/1,2014-05-09,09:22:38.515000000
36896,1,DirectlyApprove,Natasha Sullivan,http://review.couchbase.org/#/c/36896/1,2014-05-09,15:13:36.283000000
37025,1,DirectlyApprove,Natasha Sullivan,http://review.couchbase.org/#/c/37025/1,2014-05-13,09:05:23.217000000
37034,1,DirectlyApprove,Natasha Sullivan,http://review.couchbase.org/#/c/37034/1,2014-05-13,12:10:19.821000000
37069,1,DirectlyApprove,Natasha Sullivan,http://review.couchbase.org/#/c/37069/1,2014-05-20,07:34:39.063000000
37273,1,DirectlyApprove,Natasha Sullivan,http://review.couchbase.org/#/c/37273/1,2014-05-20,07:35:13.304000000
37302,1,DirectlyApprove,Natasha Sullivan,http://review.couchbase.org/#/c/37302/1,2014-05-20,07:35:13.299000000
37309,1,DirectlyApprove,Natasha Sullivan,http://review.couchbase.org/#/c/37309/1,2014-05-20,07:35:13.110000000
37310,1,DirectlyApprove,Natasha Sullivan,http://review.couchbase.org/#/c/37310/1,2014-05-20,07:48:01.218000000
37313,1,DirectlyApprove,Natasha Sullivan,http://review.couchbase.org/#/c/37313/1,2014-05-20,10:22:40.084000000
37381,2,DirectlyApprove,Natasha Sullivan,http://review.couchbase.org/#/c/37381/2,2014-05-21,12:26:19.811000000
37437,1,DirectlyApprove,Natasha Sullivan,http://review.couchbase.org/#/c/37437/1,2014-05-22,13:02:45.640000000
37491,1,DirectlyApprove,Natasha Sullivan,http://review.couchbase.org/#/c/37491/1,2014-05-23,05:59:49.183000000
37499,1,DirectlyApprove,Natasha Sullivan,http://review.couchbase.org/#/c/37499/1,2014-05-23,14:25:59.488000000
37502,1,DirectlyApprove,Natasha Sullivan,http://review.couchbase.org/#/c/37502/1,2014-05-23,14:59:52.442000000
37503,1,DirectlyApprove,Natasha Sullivan,http://review.couchbase.org/#/c/37503/1,2014-05-23,15:21:56.817000000
37585,2,DirectlyApprove,Natasha Sullivan,http://review.couchbase.org/#/c/37585/2,2014-05-26,13:19:55.755000000
37594,1,DirectlyApprove,Natasha Sullivan,http://review.couchbase.org/#/c/37594/1,2014-05-26,15:47:19.728000000
37595,1,DirectlyApprove,Natasha Sullivan,http://review.couchbase.org/#/c/37595/1,2014-05-26,16:23:19.406000000
37702,1,DirectlyApprove,Natasha Sullivan,http://review.couchbase.org/#/c/37702/1,2014-05-30,06:19:45.315000000
37703,1,DirectlyApprove,Natasha Sullivan,http://review.couchbase.org/#/c/37703/1,2014-06-03,09:43:49.550000000
37772,1,DirectlyApprove,Natasha Sullivan,http://review.couchbase.org/#/c/37772/1,2014-06-03,16:05:06.357000000
37829,1,DirectlyApprove,Natasha Sullivan,http://review.couchbase.org/#/c/37829/1,2014-06-04,05:11:25.191000000
38200,1,DirectlyApprove,Natasha Sullivan,http://review.couchbase.org/#/c/38200/1,2014-06-12,21:29:18.577000000
38224,1,DirectlyApprove,Natasha Sullivan,http://review.couchbase.org/#/c/38224/1,2014-06-13,08:34:51.869000000
38294,1,DirectlyApprove,Natasha Sullivan,http://review.couchbase.org/#/c/38294/1,2014-06-14,07:26:24.702000000
38318,1,DirectlyApprove,Natasha Sullivan,http://review.couchbase.org/#/c/38318/1,2014-06-16,12:18:40.209000000
38879,5,ApproveAfterChange,Korbin Nash,http://review.couchbase.org/#/c/38879/5,2014-06-30,10:59:31.085000000
38964,1,DirectlyApprove,Natasha Sullivan,http://review.couchbase.org/#/c/38964/1,2014-06-30,13:11:14.797000000
38965,1,DirectlyApprove,Natasha Sullivan,http://review.couchbase.org/#/c/38965/1,2014-06-30,13:14:05.091000000
38971,6,ApproveAfterChange,Natasha Sullivan,http://review.couchbase.org/#/c/38971/6,2014-07-03,12:06:43.814000000
39083,1,DirectlyApprove,Natasha Sullivan,http://review.couchbase.org/#/c/39083/1,2014-07-03,12:52:11.506000000
39085,1,DirectlyApprove,Natasha Sullivan,http://review.couchbase.org/#/c/39085/1,2014-07-03,13:01:42.986000000
39112,5,Rejected,Korbin Nash,http://review.couchbase.org/#/c/39112/5,2014-10-13,12:08:54.014000000
39156,1,DirectlyApprove,Natasha Sullivan,http://review.couchbase.org/#/c/39156/1,2014-07-07,14:30:04.364000000
39160,1,DirectlyApprove,Natasha Sullivan,http://review.couchbase.org/#/c/39160/1,2014-07-07,15:47:27.191000000
39237,3,Rejected,Korbin Nash,http://review.couchbase.org/#/c/39237/3,2014-07-10,12:21:57.651000000
39263,1,DirectlyApprove,Natasha Sullivan,http://review.couchbase.org/#/c/39263/1,2014-07-10,11:22:06.274000000
39266,1,DirectlyApprove,Natasha Sullivan,http://review.couchbase.org/#/c/39266/1,2014-07-10,12:04:46.147000000
39406,1,DirectlyApprove,Natasha Sullivan,http://review.couchbase.org/#/c/39406/1,2014-07-15,10:58:09.808000000
39413,1,DirectlyApprove,Natasha Sullivan,http://review.couchbase.org/#/c/39413/1,2014-07-15,13:23:15.974000000
39433,1,DirectlyApprove,Natasha Sullivan,http://review.couchbase.org/#/c/39433/1,2014-07-16,11:26:22.443000000
39480,1,DirectlyApprove,Natasha Sullivan,http://review.couchbase.org/#/c/39480/1,2014-07-17,11:50:32.935000000
39527,1,DirectlyApprove,Natasha Sullivan,http://review.couchbase.org/#/c/39527/1,2014-07-18,08:35:37.637000000
39664,1,Rejected,Natasha Sullivan,http://review.couchbase.org/#/c/39664/1,2014-08-07,15:08:20.567000000
39741,9,ApproveAfterChange,Natasha Sullivan,http://review.couchbase.org/#/c/39741/9,2014-08-04,08:51:02.150000000
40253,1,DirectlyApprove,Natasha Sullivan,http://review.couchbase.org/#/c/40253/1,2014-08-04,09:56:07.416000000
40254,1,DirectlyApprove,Natasha Sullivan,http://review.couchbase.org/#/c/40254/1,2014-08-04,09:56:24.429000000
40261,1,DirectlyApprove,Natasha Sullivan,http://review.couchbase.org/#/c/40261/1,2014-08-04,14:41:05.745000000
40377,1,DirectlyApprove,Natasha Sullivan,http://review.couchbase.org/#/c/40377/1,2014-08-07,15:08:08.779000000
40499,1,DirectlyApprove,Natasha Sullivan,http://review.couchbase.org/#/c/40499/1,2014-08-11,15:39:37.373000000
40535,1,DirectlyApprove,Natasha Sullivan,http://review.couchbase.org/#/c/40535/1,2014-08-12,18:13:24.097000000
40563,1,DirectlyApprove,Natasha Sullivan,http://review.couchbase.org/#/c/40563/1,2014-08-13,09:03:07.230000000
40566,1,DirectlyApprove,Natasha Sullivan,http://review.couchbase.org/#/c/40566/1,2014-08-13,11:28:32.705000000
40571,1,DirectlyApprove,Natasha Sullivan,http://review.couchbase.org/#/c/40571/1,2014-08-13,11:42:31.241000000
40693,1,DirectlyApprove,Natasha Sullivan,http://review.couchbase.org/#/c/40693/1,2014-08-18,12:20:10.135000000
40723,1,DirectlyApprove,Natasha Sullivan,http://review.couchbase.org/#/c/40723/1,2014-08-19,13:28:02.360000000
40725,1,DirectlyApprove,Natasha Sullivan,http://review.couchbase.org/#/c/40725/1,2014-08-19,14:09:18.827000000
40778,1,DirectlyApprove,Natasha Sullivan,http://review.couchbase.org/#/c/40778/1,2014-08-21,09:16:04.331000000
40781,1,DirectlyApprove,Natasha Sullivan,http://review.couchbase.org/#/c/40781/1,2014-08-21,09:29:35.099000000
40782,1,DirectlyApprove,Natasha Sullivan,http://review.couchbase.org/#/c/40782/1,2014-08-21,09:54:37.588000000
40783,1,DirectlyApprove,Natasha Sullivan,http://review.couchbase.org/#/c/40783/1,2014-08-21,10:13:03.561000000
40784,1,DirectlyApprove,Natasha Sullivan,http://review.couchbase.org/#/c/40784/1,2014-08-21,10:24:50.440000000
40787,1,DirectlyApprove,Natasha Sullivan,http://review.couchbase.org/#/c/40787/1,2014-08-21,11:57:16.642000000
40791,1,DirectlyApprove,Natasha Sullivan,http://review.couchbase.org/#/c/40791/1,2014-08-21,13:57:03.688000000
40796,1,DirectlyApprove,Natasha Sullivan,http://review.couchbase.org/#/c/40796/1,2014-08-21,17:27:28.764000000
40824,1,DirectlyApprove,Natasha Sullivan,http://review.couchbase.org/#/c/40824/1,2014-08-22,07:39:15.075000000
40826,1,DirectlyApprove,Natasha Sullivan,http://review.couchbase.org/#/c/40826/1,2014-08-22,08:57:17.643000000
40834,1,DirectlyApprove,Natasha Sullivan,http://review.couchbase.org/#/c/40834/1,2014-08-22,12:07:32.981000000
40837,2,DirectlyApprove,Natasha Sullivan,http://review.couchbase.org/#/c/40837/2,2014-08-22,17:22:44.427000000
40847,1,DirectlyApprove,Natasha Sullivan,http://review.couchbase.org/#/c/40847/1,2014-08-22,19:12:31.309000000
40876,1,DirectlyApprove,Natasha Sullivan,http://review.couchbase.org/#/c/40876/1,2014-08-25,09:18:01.673000000
40879,1,DirectlyApprove,Natasha Sullivan,http://review.couchbase.org/#/c/40879/1,2014-08-25,11:30:39.949000000
40911,1,DirectlyApprove,Natasha Sullivan,http://review.couchbase.org/#/c/40911/1,2014-08-26,13:43:01.436000000
40912,1,DirectlyApprove,Natasha Sullivan,http://review.couchbase.org/#/c/40912/1,2014-08-26,13:48:26.525000000
40917,1,DirectlyApprove,Natasha Sullivan,http://review.couchbase.org/#/c/40917/1,2014-08-26,15:41:03.947000000
40918,1,DirectlyApprove,Natasha Sullivan,http://review.couchbase.org/#/c/40918/1,2014-08-26,15:43:05.353000000
40919,1,DirectlyApprove,Natasha Sullivan,http://review.couchbase.org/#/c/40919/1,2014-08-26,16:21:21.731000000
40964,1,Rejected,Natasha Sullivan,http://review.couchbase.org/#/c/40964/1,2014-09-15,06:25:44.777000000
40968,1,DirectlyApprove,Natasha Sullivan,http://review.couchbase.org/#/c/40968/1,2014-08-27,08:35:18.975000000
40969,1,DirectlyApprove,Natasha Sullivan,http://review.couchbase.org/#/c/40969/1,2014-08-27,08:42:42.221000000
40970,1,DirectlyApprove,Natasha Sullivan,http://review.couchbase.org/#/c/40970/1,2014-08-27,09:47:20.526000000
41011,1,DirectlyApprove,Natasha Sullivan,http://review.couchbase.org/#/c/41011/1,2014-08-28,06:16:31.141000000
41129,1,DirectlyApprove,Natasha Sullivan,http://review.couchbase.org/#/c/41129/1,2014-09-01,10:51:09.741000000
41163,1,DirectlyApprove,Natasha Sullivan,http://review.couchbase.org/#/c/41163/1,2014-09-03,08:11:15.537000000
41164,1,DirectlyApprove,Natasha Sullivan,http://review.couchbase.org/#/c/41164/1,2014-09-03,08:25:17.086000000
41165,1,DirectlyApprove,Natasha Sullivan,http://review.couchbase.org/#/c/41165/1,2014-09-03,08:30:26.509000000
41166,1,DirectlyApprove,Natasha Sullivan,http://review.couchbase.org/#/c/41166/1,2014-09-03,11:57:48.618000000
41399,4,ApproveAfterChange,Cory Peck,http://review.couchbase.org/#/c/41399/4,2014-09-15,08:58:22.913000000
41419,1,DirectlyApprove,Natasha Sullivan,http://review.couchbase.org/#/c/41419/1,2014-09-15,13:58:05.403000000
41434,1,Rejected,Cory Peck,http://review.couchbase.org/#/c/41434/1,2016-02-16,22:50:04.343000000
41435,2,DirectlyApprove,Natasha Sullivan,http://review.couchbase.org/#/c/41435/2,2014-09-16,14:06:44.501000000
41436,3,ApproveAfterChange,Natasha Sullivan,http://review.couchbase.org/#/c/41436/3,2014-09-16,14:07:08.441000000
41437,3,ApproveAfterChange,Natasha Sullivan,http://review.couchbase.org/#/c/41437/3,2014-09-16,14:07:21.235000000
41439,2,DirectlyApprove,Natasha Sullivan,http://review.couchbase.org/#/c/41439/2,2014-09-16,14:37:44.908000000
41440,2,DirectlyApprove,Natasha Sullivan,http://review.couchbase.org/#/c/41440/2,2014-09-16,14:37:52.026000000
41472,2,DirectlyApprove,Natasha Sullivan,http://review.couchbase.org/#/c/41472/2,2014-09-18,17:22:13.044000000
41481,3,ApproveAfterChange,Natasha Sullivan,http://review.couchbase.org/#/c/41481/3,2014-09-19,08:16:52.671000000
41482,2,DirectlyApprove,Natasha Sullivan,http://review.couchbase.org/#/c/41482/2,2014-09-19,08:48:41.752000000
41504,2,DirectlyApprove,Natasha Sullivan,http://review.couchbase.org/#/c/41504/2,2014-09-19,18:13:40.115000000
41725,4,ApproveAfterChange,Marques Ellis,http://review.couchbase.org/#/c/41725/4,2015-02-26,08:34:32.200000000
41900,8,ApproveAfterChange,Cory Peck,http://review.couchbase.org/#/c/41900/8,2014-10-07,15:48:09.586000000
41966,7,ApproveAfterChange,Natasha Sullivan,http://review.couchbase.org/#/c/41966/7,2014-10-13,16:12:40.601000000
42112,2,DirectlyApprove,Natasha Sullivan,http://review.couchbase.org/#/c/42112/2,2014-10-14,07:11:15.436000000
42122,2,DirectlyApprove,Natasha Sullivan,http://review.couchbase.org/#/c/42122/2,2014-10-15,07:43:28.606000000
42202,3,ApproveAfterChange,Estrella Humphrey,http://review.couchbase.org/#/c/42202/3,2014-10-16,14:11:18.655000000
42230,2,DirectlyApprove,Estrella Humphrey,http://review.couchbase.org/#/c/42230/2,2014-10-17,08:56:52.310000000
42236,3,ApproveAfterChange,Estrella Humphrey,http://review.couchbase.org/#/c/42236/3,2014-10-17,14:41:21.552000000
42289,2,DirectlyApprove,Natasha Sullivan,http://review.couchbase.org/#/c/42289/2,2014-10-20,09:19:45.460000000
42292,5,ApproveAfterChange,Natasha Sullivan,http://review.couchbase.org/#/c/42292/5,2014-10-20,14:50:58.014000000
42321,2,DirectlyApprove,Natasha Sullivan,http://review.couchbase.org/#/c/42321/2,2014-10-21,08:12:40.666000000
42338,8,ApproveAfterChange,Estrella Humphrey,http://review.couchbase.org/#/c/42338/8,2014-10-22,10:59:38.114000000
42342,2,DirectlyApprove,Natasha Sullivan,http://review.couchbase.org/#/c/42342/2,2014-10-22,10:20:45.570000000
42362,9,ApproveAfterChange,Cory Peck,http://review.couchbase.org/#/c/42362/9,2014-10-24,09:14:26.255000000
42459,2,DirectlyApprove,Natasha Sullivan,http://review.couchbase.org/#/c/42459/2,2014-10-27,08:32:01.915000000
42652,2,DirectlyApprove,Estrella Humphrey,http://review.couchbase.org/#/c/42652/2,2014-10-31,10:23:42.322000000
42701,2,DirectlyApprove,Natasha Sullivan,http://review.couchbase.org/#/c/42701/2,2014-11-03,08:49:50.896000000
42702,2,DirectlyApprove,Natasha Sullivan,http://review.couchbase.org/#/c/42702/2,2014-11-03,08:49:46.388000000
42705,3,ApproveAfterChange,Natasha Sullivan,http://review.couchbase.org/#/c/42705/3,2014-11-03,14:33:21.810000000
42710,2,DirectlyApprove,Natasha Sullivan,http://review.couchbase.org/#/c/42710/2,2014-11-03,14:15:06.498000000
42718,5,ApproveAfterChange,Cory Peck,http://review.couchbase.org/#/c/42718/5,2014-11-18,15:39:54.064000000
42735,2,DirectlyApprove,Natasha Sullivan,http://review.couchbase.org/#/c/42735/2,2014-11-04,07:01:59.639000000
42764,2,DirectlyApprove,Natasha Sullivan,http://review.couchbase.org/#/c/42764/2,2014-11-04,14:57:48.294000000
43119,2,DirectlyApprove,Natasha Sullivan,http://review.couchbase.org/#/c/43119/2,2014-11-12,07:57:55.076000000
43120,4,ApproveAfterChange,Natasha Sullivan,http://review.couchbase.org/#/c/43120/4,2014-11-12,11:04:09.681000000
43128,4,ApproveAfterChange,Natasha Sullivan,http://review.couchbase.org/#/c/43128/4,2014-11-12,11:35:30.196000000
43249,2,Rejected,Natasha Sullivan,http://review.couchbase.org/#/c/43249/2,2015-01-29,15:23:07.814000000
43289,2,DirectlyApprove,Natasha Sullivan,http://review.couchbase.org/#/c/43289/2,2014-11-17,07:34:00.631000000
43366,3,ApproveAfterChange,Natasha Sullivan,http://review.couchbase.org/#/c/43366/3,2014-11-18,15:50:18.943000000
43367,2,DirectlyApprove,Natasha Sullivan,http://review.couchbase.org/#/c/43367/2,2014-11-18,15:57:19.720000000
43368,2,DirectlyApprove,Cory Peck,http://review.couchbase.org/#/c/43368/2,2014-11-19,09:04:17.163000000
43401,6,ApproveAfterChange,Estrella Humphrey,http://review.couchbase.org/#/c/43401/6,2014-11-19,11:57:32.255000000
43402,2,DirectlyApprove,Natasha Sullivan,http://review.couchbase.org/#/c/43402/2,2014-11-19,11:39:17.956000000
43474,3,ApproveAfterChange,Natasha Sullivan,http://review.couchbase.org/#/c/43474/3,2014-11-21,11:09:04.889000000
43477,3,ApproveAfterChange,Natasha Sullivan,http://review.couchbase.org/#/c/43477/3,2014-11-21,13:58:12.995000000
43746,2,DirectlyApprove,Natasha Sullivan,http://review.couchbase.org/#/c/43746/2,2014-12-01,07:43:22.098000000
43782,23,ApproveAfterChange,Cory Peck,http://review.couchbase.org/#/c/43782/23,2015-01-12,13:23:10.995000000
43785,4,ApproveAfterChange,Natasha Sullivan,http://review.couchbase.org/#/c/43785/4,2014-12-02,08:09:09.543000000
43786,3,ApproveAfterChange,Natasha Sullivan,http://review.couchbase.org/#/c/43786/3,2014-12-01,16:23:27.384000000
43824,2,DirectlyApprove,Natasha Sullivan,http://review.couchbase.org/#/c/43824/2,2014-12-02,07:53:02.667000000
43845,2,DirectlyApprove,Natasha Sullivan,http://review.couchbase.org/#/c/43845/2,2014-12-02,16:36:39.592000000
43953,2,DirectlyApprove,Natasha Sullivan,http://review.couchbase.org/#/c/43953/2,2014-12-04,18:39:56.938000000
44012,2,DirectlyApprove,Natasha Sullivan,http://review.couchbase.org/#/c/44012/2,2014-12-05,12:14:03.064000000
44181,2,DirectlyApprove,Natasha Sullivan,http://review.couchbase.org/#/c/44181/2,2014-12-15,12:11:57.040000000
44245,2,DirectlyApprove,Natasha Sullivan,http://review.couchbase.org/#/c/44245/2,2014-12-12,02:52:15.178000000
44349,2,DirectlyApprove,Natasha Sullivan,http://review.couchbase.org/#/c/44349/2,2014-12-15,15:35:22.062000000
44414,2,DirectlyApprove,Natasha Sullivan,http://review.couchbase.org/#/c/44414/2,2014-12-17,12:47:46.053000000
44418,3,ApproveAfterChange,Natasha Sullivan,http://review.couchbase.org/#/c/44418/3,2014-12-17,12:47:36.155000000
44422,2,DirectlyApprove,Natasha Sullivan,http://review.couchbase.org/#/c/44422/2,2014-12-17,15:08:46.510000000
44477,2,DirectlyApprove,Natasha Sullivan,http://review.couchbase.org/#/c/44477/2,2014-12-18,14:50:28.421000000
44480,3,ApproveAfterChange,Natasha Sullivan,http://review.couchbase.org/#/c/44480/3,2014-12-19,09:30:56.758000000
44481,2,DirectlyApprove,Natasha Sullivan,http://review.couchbase.org/#/c/44481/2,2014-12-19,09:31:06.293000000
44510,8,ApproveAfterChange,Natasha Sullivan,http://review.couchbase.org/#/c/44510/8,2015-01-19,14:07:04.398000000
44521,3,ApproveAfterChange,Natasha Sullivan,http://review.couchbase.org/#/c/44521/3,2015-01-19,14:07:09.208000000
44605,1,Rejected,Natasha Sullivan,http://review.couchbase.org/#/c/44605/1,2015-01-19,16:14:48.683000000
44618,3,ApproveAfterChange,Estrella Humphrey,http://review.couchbase.org/#/c/44618/3,2014-12-31,13:40:37.245000000
44619,2,DirectlyApprove,Estrella Humphrey,http://review.couchbase.org/#/c/44619/2,2014-12-24,10:26:31.800000000
44684,2,DirectlyApprove,Natasha Sullivan,http://review.couchbase.org/#/c/44684/2,2014-12-29,11:17:38.727000000
44685,3,ApproveAfterChange,Natasha Sullivan,http://review.couchbase.org/#/c/44685/3,2014-12-29,11:17:45.630000000
44686,2,DirectlyApprove,Natasha Sullivan,http://review.couchbase.org/#/c/44686/2,2014-12-29,11:17:50.911000000
44687,2,DirectlyApprove,Natasha Sullivan,http://review.couchbase.org/#/c/44687/2,2014-12-29,11:17:57.546000000
44688,2,DirectlyApprove,Natasha Sullivan,http://review.couchbase.org/#/c/44688/2,2014-12-29,11:18:04.600000000
44689,2,DirectlyApprove,Natasha Sullivan,http://review.couchbase.org/#/c/44689/2,2014-12-29,11:18:16.311000000
44690,2,DirectlyApprove,Natasha Sullivan,http://review.couchbase.org/#/c/44690/2,2014-12-29,11:18:20.249000000
44708,2,DirectlyApprove,Natasha Sullivan,http://review.couchbase.org/#/c/44708/2,2014-12-29,16:45:31.173000000
44719,2,DirectlyApprove,Natasha Sullivan,http://review.couchbase.org/#/c/44719/2,2014-12-30,08:24:44.659000000
44748,2,DirectlyApprove,Natasha Sullivan,http://review.couchbase.org/#/c/44748/2,2014-12-30,08:24:40.158000000
44751,3,ApproveAfterChange,Natasha Sullivan,http://review.couchbase.org/#/c/44751/3,2014-12-30,09:39:32.609000000
44754,2,DirectlyApprove,Natasha Sullivan,http://review.couchbase.org/#/c/44754/2,2014-12-30,10:54:36.966000000
44759,3,ApproveAfterChange,Natasha Sullivan,http://review.couchbase.org/#/c/44759/3,2014-12-30,14:55:07.640000000
44760,2,DirectlyApprove,Natasha Sullivan,http://review.couchbase.org/#/c/44760/2,2014-12-30,14:54:59.684000000
44761,3,ApproveAfterChange,Natasha Sullivan,http://review.couchbase.org/#/c/44761/3,2014-12-30,15:27:16.457000000
44762,2,DirectlyApprove,Natasha Sullivan,http://review.couchbase.org/#/c/44762/2,2014-12-30,14:54:54.146000000
44763,4,ApproveAfterChange,Natasha Sullivan,http://review.couchbase.org/#/c/44763/4,2014-12-30,15:27:12.337000000
44764,2,DirectlyApprove,Natasha Sullivan,http://review.couchbase.org/#/c/44764/2,2014-12-30,15:27:07.266000000
44767,2,DirectlyApprove,Natasha Sullivan,http://review.couchbase.org/#/c/44767/2,2014-12-30,15:49:59.548000000
44768,2,DirectlyApprove,Natasha Sullivan,http://review.couchbase.org/#/c/44768/2,2014-12-30,15:49:54.918000000
44769,2,DirectlyApprove,Natasha Sullivan,http://review.couchbase.org/#/c/44769/2,2014-12-30,15:49:50.956000000
44770,2,DirectlyApprove,Natasha Sullivan,http://review.couchbase.org/#/c/44770/2,2014-12-30,15:51:06.635000000
44771,2,DirectlyApprove,Natasha Sullivan,http://review.couchbase.org/#/c/44771/2,2014-12-30,15:51:10.811000000
44772,2,DirectlyApprove,Natasha Sullivan,http://review.couchbase.org/#/c/44772/2,2014-12-30,15:49:46.900000000
44773,2,DirectlyApprove,Natasha Sullivan,http://review.couchbase.org/#/c/44773/2,2014-12-30,15:49:42.268000000
44774,2,DirectlyApprove,Natasha Sullivan,http://review.couchbase.org/#/c/44774/2,2014-12-30,15:51:15.401000000
44775,2,DirectlyApprove,Natasha Sullivan,http://review.couchbase.org/#/c/44775/2,2014-12-30,15:49:31.627000000
44776,2,DirectlyApprove,Natasha Sullivan,http://review.couchbase.org/#/c/44776/2,2014-12-30,15:49:28.215000000
44777,2,DirectlyApprove,Natasha Sullivan,http://review.couchbase.org/#/c/44777/2,2014-12-30,15:49:23.607000000
44780,8,ApproveAfterChange,Estrella Humphrey,http://review.couchbase.org/#/c/44780/8,2015-01-08,09:36:30.796000000
44781,3,ApproveAfterChange,Natasha Sullivan,http://review.couchbase.org/#/c/44781/3,2014-12-31,08:31:39.623000000
44801,2,DirectlyApprove,Natasha Sullivan,http://review.couchbase.org/#/c/44801/2,2014-12-31,11:22:32.425000000
44802,3,ApproveAfterChange,Natasha Sullivan,http://review.couchbase.org/#/c/44802/3,2014-12-31,13:41:46.262000000
44804,4,ApproveAfterChange,Estrella Humphrey,http://review.couchbase.org/#/c/44804/4,2014-12-31,12:01:35.149000000
44809,2,DirectlyApprove,Natasha Sullivan,http://review.couchbase.org/#/c/44809/2,2014-12-31,14:49:06.965000000
44837,4,ApproveAfterChange,Natasha Sullivan,http://review.couchbase.org/#/c/44837/4,2015-01-02,14:00:47.894000000
44840,5,ApproveAfterChange,Natasha Sullivan,http://review.couchbase.org/#/c/44840/5,2015-01-02,17:56:40.534000000
44841,2,DirectlyApprove,Estrella Humphrey,http://review.couchbase.org/#/c/44841/2,2015-01-02,16:21:39.447000000
44842,3,ApproveAfterChange,Estrella Humphrey,http://review.couchbase.org/#/c/44842/3,2015-01-02,16:32:35.283000000
44877,3,ApproveAfterChange,Natasha Sullivan,http://review.couchbase.org/#/c/44877/3,2015-01-05,09:13:04.721000000
44898,2,DirectlyApprove,Natasha Sullivan,http://review.couchbase.org/#/c/44898/2,2015-01-05,14:28:54.146000000
44907,2,DirectlyApprove,Natasha Sullivan,http://review.couchbase.org/#/c/44907/2,2015-01-05,19:14:36.040000000
44908,2,DirectlyApprove,Natasha Sullivan,http://review.couchbase.org/#/c/44908/2,2015-01-05,19:14:44.833000000
44909,2,DirectlyApprove,Estrella Humphrey,http://review.couchbase.org/#/c/44909/2,2015-01-05,19:14:56.820000000
44910,2,DirectlyApprove,Natasha Sullivan,http://review.couchbase.org/#/c/44910/2,2015-01-05,19:15:09.112000000
44911,2,DirectlyApprove,Natasha Sullivan,http://review.couchbase.org/#/c/44911/2,2015-01-05,19:15:38.339000000
44912,2,DirectlyApprove,Estrella Humphrey,http://review.couchbase.org/#/c/44912/2,2015-01-05,19:15:47.703000000
44913,2,DirectlyApprove,Estrella Humphrey,http://review.couchbase.org/#/c/44913/2,2015-01-05,19:15:58.365000000
44914,2,DirectlyApprove,Natasha Sullivan,http://review.couchbase.org/#/c/44914/2,2015-01-05,19:16:06.919000000
44915,2,DirectlyApprove,Natasha Sullivan,http://review.couchbase.org/#/c/44915/2,2015-01-05,19:16:16.255000000
44916,2,DirectlyApprove,Natasha Sullivan,http://review.couchbase.org/#/c/44916/2,2015-01-05,19:16:27.861000000
44917,2,DirectlyApprove,Natasha Sullivan,http://review.couchbase.org/#/c/44917/2,2015-01-05,19:15:24.855000000
44919,3,ApproveAfterChange,Cory Peck,http://review.couchbase.org/#/c/44919/3,2015-01-05,20:06:09.598000000
44923,1,Rejected,Cory Peck,http://review.couchbase.org/#/c/44923/1,2015-01-05,20:08:37.259000000
44925,2,DirectlyApprove,Cory Peck,http://review.couchbase.org/#/c/44925/2,2015-01-05,20:16:33.664000000
44958,2,DirectlyApprove,Natasha Sullivan,http://review.couchbase.org/#/c/44958/2,2015-01-06,12:12:17.670000000
44959,2,DirectlyApprove,Natasha Sullivan,http://review.couchbase.org/#/c/44959/2,2015-01-06,12:16:46.184000000
44986,2,DirectlyApprove,Estrella Humphrey,http://review.couchbase.org/#/c/44986/2,2015-01-07,08:31:55.719000000
45019,2,DirectlyApprove,Natasha Sullivan,http://review.couchbase.org/#/c/45019/2,2015-01-07,09:24:31.803000000
45020,2,DirectlyApprove,Natasha Sullivan,http://review.couchbase.org/#/c/45020/2,2015-01-07,09:24:40.192000000
45066,2,DirectlyApprove,Estrella Humphrey,http://review.couchbase.org/#/c/45066/2,2015-01-08,11:57:58.053000000
45133,3,ApproveAfterChange,Natasha Sullivan,http://review.couchbase.org/#/c/45133/3,2015-01-09,15:44:11.469000000
45143,6,ApproveAfterChange,Natasha Sullivan,http://review.couchbase.org/#/c/45143/6,2015-01-09,16:35:34.043000000
45225,2,DirectlyApprove,Estrella Humphrey,http://review.couchbase.org/#/c/45225/2,2015-01-13,14:31:12.602000000
45275,4,ApproveAfterChange,Natasha Sullivan,http://review.couchbase.org/#/c/45275/4,2015-01-14,08:43:57.507000000
45308,3,ApproveAfterChange,Natasha Sullivan,http://review.couchbase.org/#/c/45308/3,2015-01-14,10:24:56.711000000
45312,2,DirectlyApprove,Natasha Sullivan,http://review.couchbase.org/#/c/45312/2,2015-01-14,16:53:01.263000000
45343,2,DirectlyApprove,Cory Peck,http://review.couchbase.org/#/c/45343/2,2015-01-15,10:43:46.376000000
45346,2,DirectlyApprove,Cory Peck,http://review.couchbase.org/#/c/45346/2,2015-01-15,11:50:47.417000000
45382,1,Rejected,Natasha Sullivan,http://review.couchbase.org/#/c/45382/1,2015-02-17,16:32:19.744000000
45429,2,DirectlyApprove,Estrella Humphrey,http://review.couchbase.org/#/c/45429/2,2015-01-16,09:16:15.496000000
45435,2,DirectlyApprove,Estrella Humphrey,http://review.couchbase.org/#/c/45435/2,2015-01-16,10:21:59.191000000
45436,3,ApproveAfterChange,Natasha Sullivan,http://review.couchbase.org/#/c/45436/3,2015-01-16,10:29:47.142000000
45459,2,DirectlyApprove,Natasha Sullivan,http://review.couchbase.org/#/c/45459/2,2015-01-16,14:07:33.731000000
45461,2,DirectlyApprove,Natasha Sullivan,http://review.couchbase.org/#/c/45461/2,2015-01-16,14:54:43.193000000
45465,2,DirectlyApprove,Natasha Sullivan,http://review.couchbase.org/#/c/45465/2,2015-01-16,19:40:45.216000000
45467,1,Rejected,Natasha Sullivan,http://review.couchbase.org/#/c/45467/1,2015-06-23,13:33:28.446000000
45472,3,ApproveAfterChange,Natasha Sullivan,http://review.couchbase.org/#/c/45472/3,2015-01-19,07:39:46.790000000
45568,3,ApproveAfterChange,Natasha Sullivan,http://review.couchbase.org/#/c/45568/3,2015-01-19,14:58:12.456000000
45665,2,DirectlyApprove,Estrella Humphrey,http://review.couchbase.org/#/c/45665/2,2015-01-21,16:53:12.160000000
45736,3,ApproveAfterChange,Natasha Sullivan,http://review.couchbase.org/#/c/45736/3,2015-01-22,14:54:40.660000000
45784,7,ApproveAfterChange,Natasha Sullivan,http://review.couchbase.org/#/c/45784/7,2015-01-26,17:05:04.792000000
45785,2,DirectlyApprove,Cory Peck,http://review.couchbase.org/#/c/45785/2,2015-01-23,14:48:47.685000000
45867,2,DirectlyApprove,Natasha Sullivan,http://review.couchbase.org/#/c/45867/2,2015-01-26,14:43:35.902000000
45915,5,ApproveAfterChange,Natasha Sullivan,http://review.couchbase.org/#/c/45915/5,2015-01-27,13:09:18.536000000
45917,2,DirectlyApprove,Estrella Humphrey,http://review.couchbase.org/#/c/45917/2,2015-01-27,10:58:57.917000000
45923,2,DirectlyApprove,Natasha Sullivan,http://review.couchbase.org/#/c/45923/2,2015-01-27,13:35:10.037000000
45924,4,ApproveAfterChange,Natasha Sullivan,http://review.couchbase.org/#/c/45924/4,2015-01-27,13:59:47.865000000
45962,3,ApproveAfterChange,Natasha Sullivan,http://review.couchbase.org/#/c/45962/3,2015-01-28,08:29:39.622000000
45981,2,DirectlyApprove,Estrella Humphrey,http://review.couchbase.org/#/c/45981/2,2015-01-28,13:31:12.363000000
45985,3,ApproveAfterChange,Estrella Humphrey,http://review.couchbase.org/#/c/45985/3,2015-01-28,14:12:03.393000000
45986,5,ApproveAfterChange,Natasha Sullivan,http://review.couchbase.org/#/c/45986/5,2015-01-29,16:33:12.063000000
45990,9,ApproveAfterChange,Estrella Humphrey,http://review.couchbase.org/#/c/45990/9,2015-01-30,15:08:09.344000000
46038,2,DirectlyApprove,Estrella Humphrey,http://review.couchbase.org/#/c/46038/2,2015-01-29,10:41:31.436000000
46073,1,Rejected,Estrella Humphrey,http://review.couchbase.org/#/c/46073/1,2015-01-29,11:43:18.531000000
46074,4,ApproveAfterChange,Estrella Humphrey,http://review.couchbase.org/#/c/46074/4,2015-01-29,13:56:57.190000000
46085,2,DirectlyApprove,Natasha Sullivan,http://review.couchbase.org/#/c/46085/2,2015-01-29,14:34:29.573000000
46137,2,DirectlyApprove,Estrella Humphrey,http://review.couchbase.org/#/c/46137/2,2015-01-30,15:30:00.387000000
46139,2,DirectlyApprove,Estrella Humphrey,http://review.couchbase.org/#/c/46139/2,2015-01-30,15:30:08.947000000
46227,2,DirectlyApprove,Estrella Humphrey,http://review.couchbase.org/#/c/46227/2,2015-02-03,08:07:27.356000000
46373,2,DirectlyApprove,Natasha Sullivan,http://review.couchbase.org/#/c/46373/2,2015-02-04,08:12:11.074000000
46433,2,DirectlyApprove,Estrella Humphrey,http://review.couchbase.org/#/c/46433/2,2015-02-05,16:43:33.325000000
46434,2,DirectlyApprove,Estrella Humphrey,http://review.couchbase.org/#/c/46434/2,2015-02-09,08:53:08.265000000
46435,2,DirectlyApprove,Estrella Humphrey,http://review.couchbase.org/#/c/46435/2,2015-02-09,08:53:17.111000000
46442,2,DirectlyApprove,Estrella Humphrey,http://review.couchbase.org/#/c/46442/2,2015-02-09,08:53:24.357000000
46447,2,DirectlyApprove,Estrella Humphrey,http://review.couchbase.org/#/c/46447/2,2015-02-09,08:48:27.109000000
46585,2,DirectlyApprove,Natasha Sullivan,http://review.couchbase.org/#/c/46585/2,2015-02-09,10:04:18.728000000
46590,2,DirectlyApprove,Natasha Sullivan,http://review.couchbase.org/#/c/46590/2,2015-02-09,12:50:29.075000000
46591,2,DirectlyApprove,Natasha Sullivan,http://review.couchbase.org/#/c/46591/2,2015-02-09,14:01:40.360000000
46594,3,ApproveAfterChange,Natasha Sullivan,http://review.couchbase.org/#/c/46594/3,2015-02-11,13:31:47.449000000
46634,2,DirectlyApprove,Estrella Humphrey,http://review.couchbase.org/#/c/46634/2,2015-02-10,16:33:46.875000000
46687,2,DirectlyApprove,Natasha Sullivan,http://review.couchbase.org/#/c/46687/2,2015-02-11,13:23:24.553000000
46691,2,DirectlyApprove,Estrella Humphrey,http://review.couchbase.org/#/c/46691/2,2015-02-11,15:38:51.579000000
46874,2,DirectlyApprove,Natasha Sullivan,http://review.couchbase.org/#/c/46874/2,2015-02-16,09:25:33.425000000
46942,12,ApproveAfterChange,Natasha Sullivan,http://review.couchbase.org/#/c/46942/12,2015-02-26,10:56:06.579000000
46943,2,DirectlyApprove,Estrella Humphrey,http://review.couchbase.org/#/c/46943/2,2015-02-17,17:14:09.659000000
46954,3,ApproveAfterChange,Estrella Humphrey,http://review.couchbase.org/#/c/46954/3,2015-02-23,19:40:21.682000000
47009,2,DirectlyApprove,Estrella Humphrey,http://review.couchbase.org/#/c/47009/2,2015-02-18,09:36:56.839000000
47228,5,ApproveAfterChange,Estrella Humphrey,http://review.couchbase.org/#/c/47228/5,2015-02-24,09:05:35.809000000
47229,2,DirectlyApprove,Estrella Humphrey,http://review.couchbase.org/#/c/47229/2,2015-02-23,20:31:05.793000000
47268,3,ApproveAfterChange,Natasha Sullivan,http://review.couchbase.org/#/c/47268/3,2015-02-24,12:14:46.079000000
47276,3,ApproveAfterChange,Natasha Sullivan,http://review.couchbase.org/#/c/47276/3,2015-02-24,13:53:02.124000000
47405,2,DirectlyApprove,Natasha Sullivan,http://review.couchbase.org/#/c/47405/2,2015-02-27,10:57:07.572000000
47452,2,Rejected,Estrella Humphrey,http://review.couchbase.org/#/c/47452/2,2015-02-27,15:15:19.838000000
47541,2,DirectlyApprove,Natasha Sullivan,http://review.couchbase.org/#/c/47541/2,2015-03-02,09:43:06.209000000
47556,2,DirectlyApprove,Natasha Sullivan,http://review.couchbase.org/#/c/47556/2,2015-03-02,17:24:11.706000000
47610,4,ApproveAfterChange,Natasha Sullivan,http://review.couchbase.org/#/c/47610/4,2015-03-03,14:48:48.638000000
47854,5,ApproveAfterChange,Natasha Sullivan,http://review.couchbase.org/#/c/47854/5,2015-03-09,13:35:58.762000000
47855,2,DirectlyApprove,Natasha Sullivan,http://review.couchbase.org/#/c/47855/2,2015-03-09,10:35:26.677000000
47856,2,DirectlyApprove,Natasha Sullivan,http://review.couchbase.org/#/c/47856/2,2015-03-09,10:35:39.284000000
47859,5,ApproveAfterChange,Natasha Sullivan,http://review.couchbase.org/#/c/47859/5,2015-03-09,13:42:58.621000000
47861,2,DirectlyApprove,Natasha Sullivan,http://review.couchbase.org/#/c/47861/2,2015-03-09,10:35:54.998000000
47862,3,ApproveAfterChange,Natasha Sullivan,http://review.couchbase.org/#/c/47862/3,2015-03-09,13:02:35.862000000
47991,2,DirectlyApprove,Campbell Yang,http://review.couchbase.org/#/c/47991/2,2015-03-10,10:13:08.586000000
47995,2,DirectlyApprove,Estrella Humphrey,http://review.couchbase.org/#/c/47995/2,2015-03-10,11:00:17.036000000
48005,2,DirectlyApprove,Estrella Humphrey,http://review.couchbase.org/#/c/48005/2,2015-03-10,12:08:19.255000000
48007,2,DirectlyApprove,Natasha Sullivan,http://review.couchbase.org/#/c/48007/2,2015-03-10,14:11:25.475000000
48104,2,DirectlyApprove,Natasha Sullivan,http://review.couchbase.org/#/c/48104/2,2015-03-11,14:31:29.118000000
48112,3,ApproveAfterChange,Estrella Humphrey,http://review.couchbase.org/#/c/48112/3,2015-03-11,17:07:57.253000000
48156,2,DirectlyApprove,Natasha Sullivan,http://review.couchbase.org/#/c/48156/2,2015-03-12,09:57:05.037000000
48159,13,Rejected,Natasha Sullivan,http://review.couchbase.org/#/c/48159/13,2015-07-22,12:56:48.199000000
48171,2,DirectlyApprove,Natasha Sullivan,http://review.couchbase.org/#/c/48171/2,2015-03-12,15:18:39.206000000
48238,4,ApproveAfterChange,Natasha Sullivan,http://review.couchbase.org/#/c/48238/4,2015-03-13,16:22:41.102000000
48414,2,DirectlyApprove,Estrella Humphrey,http://review.couchbase.org/#/c/48414/2,2015-03-17,18:34:23.624000000
48680,4,ApproveAfterChange,Natasha Sullivan,http://review.couchbase.org/#/c/48680/4,2015-03-24,15:17:10.886000000
48693,3,ApproveAfterChange,Estrella Humphrey,http://review.couchbase.org/#/c/48693/3,2015-03-27,08:49:08.879000000
48845,3,ApproveAfterChange,Natasha Sullivan,http://review.couchbase.org/#/c/48845/3,2015-03-27,12:48:19.437000000
48846,2,DirectlyApprove,Natasha Sullivan,http://review.couchbase.org/#/c/48846/2,2015-03-27,12:48:26.869000000
48924,8,ApproveAfterChange,Natasha Sullivan,http://review.couchbase.org/#/c/48924/8,2015-04-01,12:12:12.063000000
49102,3,ApproveAfterChange,Natasha Sullivan,http://review.couchbase.org/#/c/49102/3,2015-04-02,14:47:49.227000000
49160,2,DirectlyApprove,Natasha Sullivan,http://review.couchbase.org/#/c/49160/2,2015-04-03,09:30:30.694000000
49162,2,DirectlyApprove,Natasha Sullivan,http://review.couchbase.org/#/c/49162/2,2015-04-03,12:32:21.609000000
49298,3,ApproveAfterChange,Natasha Sullivan,http://review.couchbase.org/#/c/49298/3,2015-04-07,13:24:15.840000000
49310,2,DirectlyApprove,Natasha Sullivan,http://review.couchbase.org/#/c/49310/2,2015-04-07,14:52:01.866000000
49451,2,DirectlyApprove,Natasha Sullivan,http://review.couchbase.org/#/c/49451/2,2015-04-09,16:48:46.247000000
49596,2,DirectlyApprove,Natasha Sullivan,http://review.couchbase.org/#/c/49596/2,2015-04-13,14:07:16.646000000
49597,2,DirectlyApprove,Natasha Sullivan,http://review.couchbase.org/#/c/49597/2,2015-04-13,16:14:57.476000000
49601,3,ApproveAfterChange,Natasha Sullivan,http://review.couchbase.org/#/c/49601/3,2015-04-13,16:15:03.847000000
49732,2,DirectlyApprove,Estrella Humphrey,http://review.couchbase.org/#/c/49732/2,2015-04-20,10:16:25.321000000
49855,3,ApproveAfterChange,Natasha Sullivan,http://review.couchbase.org/#/c/49855/3,2015-04-17,16:49:59.564000000
49857,3,ApproveAfterChange,Natasha Sullivan,http://review.couchbase.org/#/c/49857/3,2015-04-20,10:13:28.266000000
49900,2,DirectlyApprove,Natasha Sullivan,http://review.couchbase.org/#/c/49900/2,2015-04-20,15:47:05.770000000
49935,2,DirectlyApprove,Natasha Sullivan,http://review.couchbase.org/#/c/49935/2,2015-04-21,07:44:01.712000000
49936,2,DirectlyApprove,Natasha Sullivan,http://review.couchbase.org/#/c/49936/2,2015-04-21,07:43:58.146000000
49937,2,DirectlyApprove,Natasha Sullivan,http://review.couchbase.org/#/c/49937/2,2015-04-21,07:43:54.719000000
49938,2,DirectlyApprove,Natasha Sullivan,http://review.couchbase.org/#/c/49938/2,2015-04-21,07:43:50.316000000
49939,2,DirectlyApprove,Natasha Sullivan,http://review.couchbase.org/#/c/49939/2,2015-04-21,07:43:44.838000000
49942,2,DirectlyApprove,Natasha Sullivan,http://review.couchbase.org/#/c/49942/2,2015-04-21,07:34:09.439000000
49945,2,DirectlyApprove,Natasha Sullivan,http://review.couchbase.org/#/c/49945/2,2015-04-21,07:51:17.483000000
49986,2,DirectlyApprove,Natasha Sullivan,http://review.couchbase.org/#/c/49986/2,2015-04-21,15:41:56.876000000
49988,2,DirectlyApprove,Natasha Sullivan,http://review.couchbase.org/#/c/49988/2,2015-04-21,15:48:22.475000000
50156,3,ApproveAfterChange,Natasha Sullivan,http://review.couchbase.org/#/c/50156/3,2015-04-23,16:57:12.609000000
50175,2,DirectlyApprove,Natasha Sullivan,http://review.couchbase.org/#/c/50175/2,2015-04-24,06:56:33.355000000
50177,3,ApproveAfterChange,Natasha Sullivan,http://review.couchbase.org/#/c/50177/3,2015-04-24,11:49:51.308000000
50179,2,DirectlyApprove,Natasha Sullivan,http://review.couchbase.org/#/c/50179/2,2015-04-24,13:55:41.908000000
50182,3,ApproveAfterChange,Natasha Sullivan,http://review.couchbase.org/#/c/50182/3,2015-04-24,13:55:33.430000000
50183,2,DirectlyApprove,Natasha Sullivan,http://review.couchbase.org/#/c/50183/2,2015-04-24,14:52:14.579000000
50184,2,DirectlyApprove,Natasha Sullivan,http://review.couchbase.org/#/c/50184/2,2015-04-24,14:52:10.770000000
50186,2,DirectlyApprove,Natasha Sullivan,http://review.couchbase.org/#/c/50186/2,2015-04-24,15:08:06.106000000
50187,2,DirectlyApprove,Natasha Sullivan,http://review.couchbase.org/#/c/50187/2,2015-04-24,15:08:02.572000000
50272,3,ApproveAfterChange,Natasha Sullivan,http://review.couchbase.org/#/c/50272/3,2015-04-27,11:05:19.414000000
50273,2,DirectlyApprove,Natasha Sullivan,http://review.couchbase.org/#/c/50273/2,2015-04-27,12:07:38.032000000
50410,2,DirectlyApprove,Natasha Sullivan,http://review.couchbase.org/#/c/50410/2,2015-04-30,07:00:42.604000000
50533,2,DirectlyApprove,Natasha Sullivan,http://review.couchbase.org/#/c/50533/2,2015-05-04,08:16:06.457000000
50534,2,DirectlyApprove,Natasha Sullivan,http://review.couchbase.org/#/c/50534/2,2015-05-04,08:16:03.394000000
50543,2,DirectlyApprove,Natasha Sullivan,http://review.couchbase.org/#/c/50543/2,2015-05-04,11:53:12.861000000
50706,3,ApproveAfterChange,Estrella Humphrey,http://review.couchbase.org/#/c/50706/3,2015-05-11,12:26:55.803000000
50716,2,DirectlyApprove,Natasha Sullivan,http://review.couchbase.org/#/c/50716/2,2015-05-11,12:24:25.460000000
50747,1,Rejected,Natasha Sullivan,http://review.couchbase.org/#/c/50747/1,2015-06-24,09:16:35.671000000
50838,1,Rejected,Estrella Humphrey,http://review.couchbase.org/#/c/50838/1,2015-05-11,13:46:47.542000000
50840,2,DirectlyApprove,Estrella Humphrey,http://review.couchbase.org/#/c/50840/2,2015-05-11,13:47:05.055000000
50843,2,DirectlyApprove,Estrella Humphrey,http://review.couchbase.org/#/c/50843/2,2015-05-18,18:19:54.198000000
51213,2,DirectlyApprove,Natasha Sullivan,http://review.couchbase.org/#/c/51213/2,2015-05-19,17:23:23.477000000
51214,2,DirectlyApprove,Natasha Sullivan,http://review.couchbase.org/#/c/51214/2,2015-05-19,17:23:19.650000000
51363,3,ApproveAfterChange,Estrella Humphrey,http://review.couchbase.org/#/c/51363/3,2015-05-28,07:59:00.391000000
51463,2,DirectlyApprove,Estrella Humphrey,http://review.couchbase.org/#/c/51463/2,2015-05-28,07:59:41.523000000
51510,2,DirectlyApprove,Estrella Humphrey,http://review.couchbase.org/#/c/51510/2,2015-05-29,14:57:05.918000000
51561,1,Rejected,Estrella Humphrey,http://review.couchbase.org/#/c/51561/1,2015-05-29,09:06:11.256000000
51562,2,DirectlyApprove,Estrella Humphrey,http://review.couchbase.org/#/c/51562/2,2015-05-29,14:57:20.231000000
51564,2,DirectlyApprove,Estrella Humphrey,http://review.couchbase.org/#/c/51564/2,2015-05-29,14:56:15.948000000
51570,2,DirectlyApprove,Estrella Humphrey,http://review.couchbase.org/#/c/51570/2,2015-05-29,14:57:45.580000000
51757,2,DirectlyApprove,Natasha Sullivan,http://review.couchbase.org/#/c/51757/2,2015-06-11,07:52:08.998000000
51863,3,ApproveAfterChange,Estrella Humphrey,http://review.couchbase.org/#/c/51863/3,2015-06-11,08:37:26.702000000
51905,3,ApproveAfterChange,Estrella Humphrey,http://review.couchbase.org/#/c/51905/3,2015-06-11,08:37:36.770000000
51974,4,ApproveAfterChange,Natasha Sullivan,http://review.couchbase.org/#/c/51974/4,2015-06-15,17:05:54.499000000
51978,4,ApproveAfterChange,Natasha Sullivan,http://review.couchbase.org/#/c/51978/4,2015-06-15,17:29:48.248000000
51984,3,ApproveAfterChange,Natasha Sullivan,http://review.couchbase.org/#/c/51984/3,2015-06-15,17:29:55.585000000
51999,3,ApproveAfterChange,Natasha Sullivan,http://review.couchbase.org/#/c/51999/3,2015-06-15,17:30:00.566000000
52098,3,ApproveAfterChange,Natasha Sullivan,http://review.couchbase.org/#/c/52098/3,2015-06-16,07:50:46.984000000
52157,2,DirectlyApprove,Cory Peck,http://review.couchbase.org/#/c/52157/2,2015-06-17,17:00:46.372000000
52219,5,ApproveAfterChange,Natasha Sullivan,http://review.couchbase.org/#/c/52219/5,2015-06-18,13:30:28.462000000
52220,3,ApproveAfterChange,Natasha Sullivan,http://review.couchbase.org/#/c/52220/3,2015-06-18,13:30:25.547000000
52225,2,DirectlyApprove,Natasha Sullivan,http://review.couchbase.org/#/c/52225/2,2015-06-18,13:29:50.611000000
52226,2,DirectlyApprove,Natasha Sullivan,http://review.couchbase.org/#/c/52226/2,2015-06-18,13:29:47.022000000
52228,2,DirectlyApprove,Natasha Sullivan,http://review.couchbase.org/#/c/52228/2,2015-06-19,07:31:22.617000000
52230,4,ApproveAfterChange,Natasha Sullivan,http://review.couchbase.org/#/c/52230/4,2015-06-23,14:55:33.206000000
52431,2,DirectlyApprove,Natasha Sullivan,http://review.couchbase.org/#/c/52431/2,2015-06-23,14:53:59.529000000
52475,3,ApproveAfterChange,Natasha Sullivan,http://review.couchbase.org/#/c/52475/3,2015-06-26,10:22:15.166000000
52476,4,ApproveAfterChange,Natasha Sullivan,http://review.couchbase.org/#/c/52476/4,2015-06-30,13:19:28.158000000
52477,2,DirectlyApprove,Natasha Sullivan,http://review.couchbase.org/#/c/52477/2,2015-06-26,10:21:44.946000000
52480,8,Rejected,Natasha Sullivan,http://review.couchbase.org/#/c/52480/8,2015-07-22,12:56:28.747000000
52536,2,DirectlyApprove,Cory Peck,http://review.couchbase.org/#/c/52536/2,2015-06-25,13:09:00.022000000
52539,2,DirectlyApprove,Natasha Sullivan,http://review.couchbase.org/#/c/52539/2,2015-06-26,06:40:52.687000000
52825,4,ApproveAfterChange,Natasha Sullivan,http://review.couchbase.org/#/c/52825/4,2015-07-03,10:39:55.821000000
52861,3,ApproveAfterChange,Cory Peck,http://review.couchbase.org/#/c/52861/3,2015-07-06,19:02:29.731000000
52862,2,DirectlyApprove,Cory Peck,http://review.couchbase.org/#/c/52862/2,2015-07-06,18:07:13.016000000
52863,3,ApproveAfterChange,Cory Peck,http://review.couchbase.org/#/c/52863/3,2015-07-06,20:40:04.037000000
52864,6,ApproveAfterChange,Natasha Sullivan,http://review.couchbase.org/#/c/52864/6,2015-07-07,17:18:02.159000000
52904,2,DirectlyApprove,Natasha Sullivan,http://review.couchbase.org/#/c/52904/2,2015-07-07,07:23:31.616000000
53067,2,DirectlyApprove,Natasha Sullivan,http://review.couchbase.org/#/c/53067/2,2015-07-10,11:21:37.086000000
53452,2,DirectlyApprove,Natasha Sullivan,http://review.couchbase.org/#/c/53452/2,2015-07-21,08:35:24.331000000
53453,2,DirectlyApprove,Natasha Sullivan,http://review.couchbase.org/#/c/53453/2,2015-07-21,08:35:29.962000000
53455,2,DirectlyApprove,Natasha Sullivan,http://review.couchbase.org/#/c/53455/2,2015-07-21,11:01:59.409000000
53459,2,DirectlyApprove,Estrella Humphrey,http://review.couchbase.org/#/c/53459/2,2015-07-21,09:51:04.950000000
53463,5,ApproveAfterChange,Natasha Sullivan,http://review.couchbase.org/#/c/53463/5,2015-07-21,11:41:35.264000000
53493,8,ApproveAfterChange,Natasha Sullivan,http://review.couchbase.org/#/c/53493/8,2015-07-22,12:06:42.769000000
53541,2,DirectlyApprove,Natasha Sullivan,http://review.couchbase.org/#/c/53541/2,2015-07-22,12:53:46.861000000
53612,2,DirectlyApprove,Natasha Sullivan,http://review.couchbase.org/#/c/53612/2,2015-07-24,08:14:16.249000000
53662,2,DirectlyApprove,Cory Peck,http://review.couchbase.org/#/c/53662/2,2015-07-24,10:00:13.411000000
53663,7,ApproveAfterChange,Cory Peck,http://review.couchbase.org/#/c/53663/7,2015-07-27,07:58:18.392000000
53664,6,ApproveAfterChange,Cory Peck,http://review.couchbase.org/#/c/53664/6,2015-07-24,11:09:25.725000000
53669,1,Rejected,Cory Peck,http://review.couchbase.org/#/c/53669/1,2015-07-27,08:09:34.000000000
53792,5,ApproveAfterChange,Natasha Sullivan,http://review.couchbase.org/#/c/53792/5,2015-07-28,14:17:37.298000000
53861,3,ApproveAfterChange,Estrella Humphrey,http://review.couchbase.org/#/c/53861/3,2015-07-30,09:11:40.706000000
54062,8,ApproveAfterChange,Natasha Sullivan,http://review.couchbase.org/#/c/54062/8,2015-08-07,17:50:43.554000000
54400,3,ApproveAfterChange,Natasha Sullivan,http://review.couchbase.org/#/c/54400/3,2015-08-13,07:04:53.951000000
54441,4,ApproveAfterChange,Natasha Sullivan,http://review.couchbase.org/#/c/54441/4,2015-08-17,06:07:51.787000000
54505,3,ApproveAfterChange,Estrella Humphrey,http://review.couchbase.org/#/c/54505/3,2015-08-17,15:09:45.755000000
54570,2,DirectlyApprove,Natasha Sullivan,http://review.couchbase.org/#/c/54570/2,2015-08-19,07:56:33.461000000
54571,2,DirectlyApprove,Natasha Sullivan,http://review.couchbase.org/#/c/54571/2,2015-08-19,07:56:41.392000000
54573,2,DirectlyApprove,Natasha Sullivan,http://review.couchbase.org/#/c/54573/2,2015-08-19,07:56:47.583000000
54574,2,DirectlyApprove,Natasha Sullivan,http://review.couchbase.org/#/c/54574/2,2015-08-19,07:57:21.530000000
54577,2,DirectlyApprove,Natasha Sullivan,http://review.couchbase.org/#/c/54577/2,2015-08-19,07:56:16.510000000
54585,2,DirectlyApprove,Natasha Sullivan,http://review.couchbase.org/#/c/54585/2,2015-08-19,12:44:36.079000000
54817,2,DirectlyApprove,Natasha Sullivan,http://review.couchbase.org/#/c/54817/2,2015-08-26,09:01:02.669000000
54819,2,DirectlyApprove,Natasha Sullivan,http://review.couchbase.org/#/c/54819/2,2015-08-26,09:00:54.666000000
54821,3,ApproveAfterChange,Natasha Sullivan,http://review.couchbase.org/#/c/54821/3,2015-08-26,10:51:55.523000000
54848,3,ApproveAfterChange,Natasha Sullivan,http://review.couchbase.org/#/c/54848/3,2015-08-26,12:42:23.816000000
54875,3,ApproveAfterChange,Natasha Sullivan,http://review.couchbase.org/#/c/54875/3,2015-08-27,09:01:11.389000000
54919,2,DirectlyApprove,Natasha Sullivan,http://review.couchbase.org/#/c/54919/2,2015-08-31,11:13:42.046000000
54961,3,ApproveAfterChange,Estrella Humphrey,http://review.couchbase.org/#/c/54961/3,2015-09-02,07:53:01.252000000
54971,2,DirectlyApprove,Natasha Sullivan,http://review.couchbase.org/#/c/54971/2,2015-09-02,08:26:59.569000000
54985,2,DirectlyApprove,Natasha Sullivan,http://review.couchbase.org/#/c/54985/2,2015-09-02,17:49:19.225000000
54990,3,ApproveAfterChange,Cory Peck,http://review.couchbase.org/#/c/54990/3,2015-09-14,16:04:28.304000000
55010,1,Rejected,Natasha Sullivan,http://review.couchbase.org/#/c/55010/1,2015-09-03,12:00:48.469000000
55013,11,ApproveAfterChange,Natasha Sullivan,http://review.couchbase.org/#/c/55013/11,2015-09-03,12:51:39.328000000
55021,2,DirectlyApprove,Natasha Sullivan,http://review.couchbase.org/#/c/55021/2,2015-09-03,14:09:49.354000000
55216,3,ApproveAfterChange,Cory Peck,http://review.couchbase.org/#/c/55216/3,2015-09-14,16:04:58.733000000
55327,22,ApproveAfterChange,Cory Peck,http://review.couchbase.org/#/c/55327/22,2015-10-13,12:43:38.941000000
55359,6,ApproveAfterChange,Cory Peck,http://review.couchbase.org/#/c/55359/6,2015-10-13,11:39:23.084000000
55391,3,ApproveAfterChange,Natasha Sullivan,http://review.couchbase.org/#/c/55391/3,2015-09-21,09:48:48.286000000
55394,2,DirectlyApprove,Natasha Sullivan,http://review.couchbase.org/#/c/55394/2,2015-09-21,09:48:45.390000000
55469,1,Rejected,Estrella Humphrey,http://review.couchbase.org/#/c/55469/1,2015-09-24,15:19:09.270000000
55471,1,Rejected,Estrella Humphrey,http://review.couchbase.org/#/c/55471/1,2015-09-23,19:15:26.100000000
55492,3,Rejected,Estrella Humphrey,http://review.couchbase.org/#/c/55492/3,2015-09-24,17:16:45.705000000
55493,1,Rejected,Estrella Humphrey,http://review.couchbase.org/#/c/55493/1,2015-09-24,14:39:59.236000000
55494,1,Rejected,Estrella Humphrey,http://review.couchbase.org/#/c/55494/1,2015-09-24,14:39:56.554000000
55495,1,Rejected,Estrella Humphrey,http://review.couchbase.org/#/c/55495/1,2015-09-24,14:42:59.344000000
55496,1,Rejected,Estrella Humphrey,http://review.couchbase.org/#/c/55496/1,2015-09-24,14:43:01.495000000
55661,2,DirectlyApprove,Natasha Sullivan,http://review.couchbase.org/#/c/55661/2,2015-09-30,14:23:50.052000000
55662,2,DirectlyApprove,Natasha Sullivan,http://review.couchbase.org/#/c/55662/2,2015-09-30,14:49:25.592000000
55697,2,Rejected,Natasha Sullivan,http://review.couchbase.org/#/c/55697/2,2015-12-03,06:44:30.673000000
55698,3,ApproveAfterChange,Natasha Sullivan,http://review.couchbase.org/#/c/55698/3,2015-10-01,16:57:51.607000000
55700,2,DirectlyApprove,Natasha Sullivan,http://review.couchbase.org/#/c/55700/2,2015-10-01,16:45:43.877000000
55731,3,ApproveAfterChange,Natasha Sullivan,http://review.couchbase.org/#/c/55731/3,2015-10-02,17:47:19.699000000
55732,2,DirectlyApprove,Natasha Sullivan,http://review.couchbase.org/#/c/55732/2,2015-10-02,19:01:28.381000000
55844,6,ApproveAfterChange,Cory Peck,http://review.couchbase.org/#/c/55844/6,2016-01-28,06:04:18.700000000
55902,2,DirectlyApprove,Natasha Sullivan,http://review.couchbase.org/#/c/55902/2,2015-10-08,16:40:33.126000000
55903,2,DirectlyApprove,Estrella Humphrey,http://review.couchbase.org/#/c/55903/2,2015-10-08,16:40:39.951000000
55904,2,DirectlyApprove,Estrella Humphrey,http://review.couchbase.org/#/c/55904/2,2015-10-08,16:40:27.456000000
55905,2,DirectlyApprove,Estrella Humphrey,http://review.couchbase.org/#/c/55905/2,2015-10-08,16:40:23.458000000
55961,6,ApproveAfterChange,Estrella Humphrey,http://review.couchbase.org/#/c/55961/6,2015-10-12,14:53:07.419000000
55990,2,DirectlyApprove,Natasha Sullivan,http://review.couchbase.org/#/c/55990/2,2015-10-12,07:56:29.582000000
55991,2,DirectlyApprove,Natasha Sullivan,http://review.couchbase.org/#/c/55991/2,2015-10-12,14:25:52.237000000
56001,2,DirectlyApprove,Natasha Sullivan,http://review.couchbase.org/#/c/56001/2,2015-10-12,16:59:12.882000000
56004,1,Rejected,Estrella Humphrey,http://review.couchbase.org/#/c/56004/1,2015-10-12,15:12:46.638000000
56005,2,DirectlyApprove,Estrella Humphrey,http://review.couchbase.org/#/c/56005/2,2015-10-12,15:21:54.602000000
56052,2,DirectlyApprove,Estrella Humphrey,http://review.couchbase.org/#/c/56052/2,2015-10-13,13:19:15.939000000
56055,4,ApproveAfterChange,Natasha Sullivan,http://review.couchbase.org/#/c/56055/4,2015-10-13,15:03:40.973000000
56116,2,DirectlyApprove,Natasha Sullivan,http://review.couchbase.org/#/c/56116/2,2015-10-14,16:13:41.590000000
56119,2,DirectlyApprove,Natasha Sullivan,http://review.couchbase.org/#/c/56119/2,2015-10-14,16:16:18.899000000
56190,5,ApproveAfterChange,Natasha Sullivan,http://review.couchbase.org/#/c/56190/5,2015-10-16,11:57:13.260000000
56426,2,DirectlyApprove,Cory Peck,http://review.couchbase.org/#/c/56426/2,2015-10-27,17:26:12.024000000
56501,5,ApproveAfterChange,Cory Peck,http://review.couchbase.org/#/c/56501/5,2015-10-30,09:33:34.590000000
56503,3,ApproveAfterChange,Cory Peck,http://review.couchbase.org/#/c/56503/3,2015-10-31,14:35:52.978000000
56504,1,Rejected,Cory Peck,http://review.couchbase.org/#/c/56504/1,2015-11-03,13:49:56.309000000
56509,1,Rejected,Cory Peck,http://review.couchbase.org/#/c/56509/1,2015-11-03,13:49:52.068000000
56553,7,ApproveAfterChange,Cory Peck,http://review.couchbase.org/#/c/56553/7,2015-11-03,18:24:50.173000000
56566,4,ApproveAfterChange,Cory Peck,http://review.couchbase.org/#/c/56566/4,2015-10-31,18:11:22.194000000
56631,4,ApproveAfterChange,Cory Peck,http://review.couchbase.org/#/c/56631/4,2015-11-03,18:24:36.518000000
56639,2,DirectlyApprove,Natasha Sullivan,http://review.couchbase.org/#/c/56639/2,2015-11-03,15:44:25.642000000
56643,3,ApproveAfterChange,Natasha Sullivan,http://review.couchbase.org/#/c/56643/3,2015-11-03,18:02:31.755000000
56644,2,DirectlyApprove,Estrella Humphrey,http://review.couchbase.org/#/c/56644/2,2015-11-03,18:12:13.212000000
56675,4,Rejected,Natasha Sullivan,http://review.couchbase.org/#/c/56675/4,2015-11-04,18:14:29.203000000
56678,7,ApproveAfterChange,Natasha Sullivan,http://review.couchbase.org/#/c/56678/7,2015-11-05,09:41:49.452000000
56690,2,DirectlyApprove,Cory Peck,http://review.couchbase.org/#/c/56690/2,2015-11-05,07:15:46.005000000
56694,2,DirectlyApprove,Natasha Sullivan,http://review.couchbase.org/#/c/56694/2,2015-11-05,11:05:10.479000000
56695,2,DirectlyApprove,Natasha Sullivan,http://review.couchbase.org/#/c/56695/2,2015-11-05,11:05:06.461000000
56696,2,DirectlyApprove,Natasha Sullivan,http://review.couchbase.org/#/c/56696/2,2015-11-05,11:05:14.645000000
56744,2,DirectlyApprove,Estrella Humphrey,http://review.couchbase.org/#/c/56744/2,2015-11-06,17:01:06.438000000
56747,2,DirectlyApprove,Estrella Humphrey,http://review.couchbase.org/#/c/56747/2,2015-11-06,17:21:39.122000000
56750,3,ApproveAfterChange,Cory Peck,http://review.couchbase.org/#/c/56750/3,2015-11-09,06:33:01.821000000
56859,5,ApproveAfterChange,Natasha Sullivan,http://review.couchbase.org/#/c/56859/5,2015-11-10,14:39:48.565000000
56863,2,DirectlyApprove,Natasha Sullivan,http://review.couchbase.org/#/c/56863/2,2015-11-11,08:19:22.472000000
56975,2,DirectlyApprove,Natasha Sullivan,http://review.couchbase.org/#/c/56975/2,2015-11-12,12:02:56.976000000
56980,2,DirectlyApprove,Natasha Sullivan,http://review.couchbase.org/#/c/56980/2,2015-11-12,14:03:28.063000000
57044,2,DirectlyApprove,Cory Peck,http://review.couchbase.org/#/c/57044/2,2015-11-23,16:40:24.760000000
57221,2,DirectlyApprove,Cory Peck,http://review.couchbase.org/#/c/57221/2,2015-11-25,12:42:16.927000000
57341,8,ApproveAfterChange,Cory Peck,http://review.couchbase.org/#/c/57341/8,2015-12-16,11:23:55.485000000
57401,2,DirectlyApprove,Estrella Humphrey,http://review.couchbase.org/#/c/57401/2,2015-12-02,11:37:02.329000000
57402,2,DirectlyApprove,Estrella Humphrey,http://review.couchbase.org/#/c/57402/2,2015-12-02,11:37:16.735000000
57814,3,ApproveAfterChange,Cory Peck,http://review.couchbase.org/#/c/57814/3,2015-12-16,11:24:06.867000000
57957,12,ApproveAfterChange,Estrella Humphrey,http://review.couchbase.org/#/c/57957/12,2016-01-04,10:27:50.762000000
58011,3,ApproveAfterChange,Cory Peck,http://review.couchbase.org/#/c/58011/3,2015-12-21,17:35:17.814000000
58117,2,DirectlyApprove,Estrella Humphrey,http://review.couchbase.org/#/c/58117/2,2015-12-28,15:52:43.739000000
58118,2,DirectlyApprove,Estrella Humphrey,http://review.couchbase.org/#/c/58118/2,2015-12-28,15:50:48.582000000
58203,2,DirectlyApprove,Estrella Humphrey,http://review.couchbase.org/#/c/58203/2,2016-01-04,10:58:39.186000000
58249,2,DirectlyApprove,Estrella Humphrey,http://review.couchbase.org/#/c/58249/2,2016-01-05,12:08:57.803000000
58250,2,DirectlyApprove,Estrella Humphrey,http://review.couchbase.org/#/c/58250/2,2016-01-05,12:08:49.656000000
58315,2,DirectlyApprove,Estrella Humphrey,http://review.couchbase.org/#/c/58315/2,2016-01-07,10:34:28.783000000
58539,2,DirectlyApprove,Estrella Humphrey,http://review.couchbase.org/#/c/58539/2,2016-01-12,18:56:14.322000000
58571,2,DirectlyApprove,Estrella Humphrey,http://review.couchbase.org/#/c/58571/2,2016-01-14,14:37:38.193000000
58587,3,ApproveAfterChange,Natasha Sullivan,http://review.couchbase.org/#/c/58587/3,2016-01-13,17:07:52.491000000
58840,4,ApproveAfterChange,Estrella Humphrey,http://review.couchbase.org/#/c/58840/4,2016-01-20,16:37:08.624000000
58841,2,DirectlyApprove,Natasha Sullivan,http://review.couchbase.org/#/c/58841/2,2016-01-20,16:15:03.026000000
59010,3,ApproveAfterChange,Natasha Sullivan,http://review.couchbase.org/#/c/59010/3,2016-01-25,12:57:04.897000000
59014,9,ApproveAfterChange,Natasha Sullivan,http://review.couchbase.org/#/c/59014/9,2016-02-15,19:14:22.285000000
59182,3,ApproveAfterChange,Natasha Sullivan,http://review.couchbase.org/#/c/59182/3,2016-01-28,14:34:04.147000000
59192,2,Rejected,Natasha Sullivan,http://review.couchbase.org/#/c/59192/2,2016-02-01,08:58:39.509000000
59252,2,DirectlyApprove,Estrella Humphrey,http://review.couchbase.org/#/c/59252/2,2016-01-29,13:32:59.250000000
59264,4,ApproveAfterChange,Natasha Sullivan,http://review.couchbase.org/#/c/59264/4,2016-01-29,13:51:46.388000000
59265,3,ApproveAfterChange,Natasha Sullivan,http://review.couchbase.org/#/c/59265/3,2016-01-29,17:22:24.964000000
59328,1,Rejected,Natasha Sullivan,http://review.couchbase.org/#/c/59328/1,2016-02-01,08:58:55.415000000
59334,2,DirectlyApprove,Natasha Sullivan,http://review.couchbase.org/#/c/59334/2,2016-02-01,11:21:40.659000000
59339,3,ApproveAfterChange,Estrella Humphrey,http://review.couchbase.org/#/c/59339/3,2016-02-01,15:02:04.220000000
59340,3,ApproveAfterChange,Natasha Sullivan,http://review.couchbase.org/#/c/59340/3,2016-02-01,15:03:07.639000000
59341,4,ApproveAfterChange,Natasha Sullivan,http://review.couchbase.org/#/c/59341/4,2016-02-01,15:54:50.869000000
59450,2,DirectlyApprove,Natasha Sullivan,http://review.couchbase.org/#/c/59450/2,2016-02-03,08:59:16.420000000
59506,2,DirectlyApprove,Estrella Humphrey,http://review.couchbase.org/#/c/59506/2,2016-02-16,11:32:54.079000000
59507,2,DirectlyApprove,Estrella Humphrey,http://review.couchbase.org/#/c/59507/2,2016-02-04,16:07:27.349000000
59869,3,ApproveAfterChange,Cory Peck,http://review.couchbase.org/#/c/59869/3,2016-02-15,15:49:46.819000000
59951,2,DirectlyApprove,Estrella Humphrey,http://review.couchbase.org/#/c/59951/2,2016-02-15,11:16:42.918000000
59954,2,DirectlyApprove,Estrella Humphrey,http://review.couchbase.org/#/c/59954/2,2016-02-15,13:22:37.944000000
59958,2,DirectlyApprove,Estrella Humphrey,http://review.couchbase.org/#/c/59958/2,2016-02-15,13:23:11.700000000
59972,2,DirectlyApprove,Natasha Sullivan,http://review.couchbase.org/#/c/59972/2,2016-02-15,17:33:21.846000000
60044,2,DirectlyApprove,Natasha Sullivan,http://review.couchbase.org/#/c/60044/2,2016-02-16,15:02:38.289000000
60120,2,DirectlyApprove,Natasha Sullivan,http://review.couchbase.org/#/c/60120/2,2016-02-17,13:59:35.693000000
60123,1,Rejected,Estrella Humphrey,http://review.couchbase.org/#/c/60123/1,2016-02-17,14:09:35.122000000
60653,2,DirectlyApprove,Cory Peck,http://review.couchbase.org/#/c/60653/2,2016-03-01,09:33:05.474000000
60690,2,DirectlyApprove,Natasha Sullivan,http://review.couchbase.org/#/c/60690/2,2016-03-01,09:09:55.504000000
60691,2,DirectlyApprove,Natasha Sullivan,http://review.couchbase.org/#/c/60691/2,2016-03-01,09:51:39.958000000
60694,2,DirectlyApprove,Natasha Sullivan,http://review.couchbase.org/#/c/60694/2,2016-03-01,10:05:26.873000000
60695,2,DirectlyApprove,Natasha Sullivan,http://review.couchbase.org/#/c/60695/2,2016-03-01,10:09:29.308000000
60701,2,DirectlyApprove,Natasha Sullivan,http://review.couchbase.org/#/c/60701/2,2016-03-01,16:01:40.658000000
60731,3,ApproveAfterChange,Cory Peck,http://review.couchbase.org/#/c/60731/3,2016-03-05,20:52:57.660000000
60830,3,ApproveAfterChange,Natasha Sullivan,http://review.couchbase.org/#/c/60830/3,2016-03-03,10:04:20.797000000
60831,8,ApproveAfterChange,Cory Peck,http://review.couchbase.org/#/c/60831/8,2016-03-11,09:14:27.609000000
60836,5,ApproveAfterChange,Natasha Sullivan,http://review.couchbase.org/#/c/60836/5,2016-03-03,11:24:01.878000000
60844,2,DirectlyApprove,Natasha Sullivan,http://review.couchbase.org/#/c/60844/2,2016-03-03,11:07:59.061000000
60851,4,ApproveAfterChange,Natasha Sullivan,http://review.couchbase.org/#/c/60851/4,2016-03-03,13:36:08.949000000
60855,3,ApproveAfterChange,Natasha Sullivan,http://review.couchbase.org/#/c/60855/3,2016-03-03,14:56:05.478000000
60860,2,DirectlyApprove,Natasha Sullivan,http://review.couchbase.org/#/c/60860/2,2016-03-03,15:38:53.683000000
60861,3,ApproveAfterChange,Natasha Sullivan,http://review.couchbase.org/#/c/60861/3,2016-03-03,16:31:03.187000000
60928,6,ApproveAfterChange,Cory Peck,http://review.couchbase.org/#/c/60928/6,2016-03-10,09:06:58.110000000
60929,2,DirectlyApprove,Cory Peck,http://review.couchbase.org/#/c/60929/2,2016-03-05,20:53:07.385000000
61170,3,ApproveAfterChange,Natasha Sullivan,http://review.couchbase.org/#/c/61170/3,2016-03-10,11:29:32.575000000
61412,2,DirectlyApprove,Natasha Sullivan,http://review.couchbase.org/#/c/61412/2,2016-03-14,09:23:15.193000000
61413,3,ApproveAfterChange,Natasha Sullivan,http://review.couchbase.org/#/c/61413/3,2016-03-14,10:23:50.599000000
61414,4,ApproveAfterChange,Natasha Sullivan,http://review.couchbase.org/#/c/61414/4,2016-03-14,11:57:01.625000000
61507,3,ApproveAfterChange,Cory Peck,http://review.couchbase.org/#/c/61507/3,2016-03-15,23:23:41.476000000
61512,13,ApproveAfterChange,Cory Peck,http://review.couchbase.org/#/c/61512/13,2016-03-30,07:02:23.834000000
61821,2,DirectlyApprove,Estrella Humphrey,http://review.couchbase.org/#/c/61821/2,2016-03-25,08:00:36.526000000
61925,2,DirectlyApprove,Cory Peck,http://review.couchbase.org/#/c/61925/2,2016-03-24,10:44:11.826000000
61982,2,DirectlyApprove,Natasha Sullivan,http://review.couchbase.org/#/c/61982/2,2016-03-25,08:11:24.909000000
61986,7,ApproveAfterChange,Estrella Humphrey,http://review.couchbase.org/#/c/61986/7,2016-03-25,16:08:42.914000000
61990,2,DirectlyApprove,Estrella Humphrey,http://review.couchbase.org/#/c/61990/2,2016-03-25,16:01:53.536000000
62108,2,DirectlyApprove,Natasha Sullivan,http://review.couchbase.org/#/c/62108/2,2016-03-30,08:36:52.442000000
62168,2,DirectlyApprove,Cory Peck,http://review.couchbase.org/#/c/62168/2,2016-03-30,14:43:22.642000000
62173,2,DirectlyApprove,Natasha Sullivan,http://review.couchbase.org/#/c/62173/2,2016-03-30,15:33:52.623000000
62225,2,DirectlyApprove,Natasha Sullivan,http://review.couchbase.org/#/c/62225/2,2016-03-31,05:42:51.570000000
62226,2,DirectlyApprove,Natasha Sullivan,http://review.couchbase.org/#/c/62226/2,2016-03-31,07:39:16.841000000
62235,2,DirectlyApprove,Natasha Sullivan,http://review.couchbase.org/#/c/62235/2,2016-03-31,16:30:50.841000000
62246,2,DirectlyApprove,Natasha Sullivan,http://review.couchbase.org/#/c/62246/2,2016-03-31,16:45:56.560000000
62277,4,ApproveAfterChange,Cory Peck,http://review.couchbase.org/#/c/62277/4,2016-12-27,08:46:51.005000000
62291,2,DirectlyApprove,Estrella Humphrey,http://review.couchbase.org/#/c/62291/2,2016-04-01,14:44:14.939000000
62294,2,DirectlyApprove,Natasha Sullivan,http://review.couchbase.org/#/c/62294/2,2016-04-01,16:44:11.779000000
62301,2,DirectlyApprove,Estrella Humphrey,http://review.couchbase.org/#/c/62301/2,2016-04-01,17:03:12.884000000
62346,5,ApproveAfterChange,Estrella Humphrey,http://review.couchbase.org/#/c/62346/5,2016-04-04,15:48:18.738000000
62364,2,DirectlyApprove,Natasha Sullivan,http://review.couchbase.org/#/c/62364/2,2016-04-04,15:55:08.573000000
62441,2,DirectlyApprove,Natasha Sullivan,http://review.couchbase.org/#/c/62441/2,2016-04-05,15:02:43.550000000
62445,2,DirectlyApprove,Natasha Sullivan,http://review.couchbase.org/#/c/62445/2,2016-04-07,08:37:23.537000000
62479,3,ApproveAfterChange,Natasha Sullivan,http://review.couchbase.org/#/c/62479/3,2016-04-07,08:30:53.845000000
62495,2,DirectlyApprove,Estrella Humphrey,http://review.couchbase.org/#/c/62495/2,2016-04-07,08:28:50.145000000
62536,2,DirectlyApprove,Natasha Sullivan,http://review.couchbase.org/#/c/62536/2,2016-04-07,08:37:32.763000000
62537,1,Rejected,Natasha Sullivan,http://review.couchbase.org/#/c/62537/1,2016-04-18,09:19:14.299000000
62642,2,DirectlyApprove,Estrella Humphrey,http://review.couchbase.org/#/c/62642/2,2016-04-11,08:25:28.119000000
62722,13,ApproveAfterChange,Estrella Humphrey,http://review.couchbase.org/#/c/62722/13,2016-05-13,11:37:54.449000000
62831,3,ApproveAfterChange,Natasha Sullivan,http://review.couchbase.org/#/c/62831/3,2016-04-14,09:23:01.648000000
62919,7,ApproveAfterChange,Estrella Humphrey,http://review.couchbase.org/#/c/62919/7,2016-04-18,08:57:07.382000000
62949,2,DirectlyApprove,Estrella Humphrey,http://review.couchbase.org/#/c/62949/2,2016-04-18,08:47:06.968000000
63402,2,DirectlyApprove,Natasha Sullivan,http://review.couchbase.org/#/c/63402/2,2016-04-27,07:52:12.657000000
63463,1,Rejected,Estrella Humphrey,http://review.couchbase.org/#/c/63463/1,2016-04-28,14:22:28.568000000
63467,2,DirectlyApprove,Estrella Humphrey,http://review.couchbase.org/#/c/63467/2,2016-04-29,15:44:05.651000000
63468,2,DirectlyApprove,Natasha Sullivan,http://review.couchbase.org/#/c/63468/2,2016-04-29,15:44:11.549000000
63469,2,DirectlyApprove,Natasha Sullivan,http://review.couchbase.org/#/c/63469/2,2016-04-29,15:44:18.801000000
63470,2,DirectlyApprove,Estrella Humphrey,http://review.couchbase.org/#/c/63470/2,2016-04-29,15:44:26.219000000
63471,2,DirectlyApprove,Estrella Humphrey,http://review.couchbase.org/#/c/63471/2,2016-04-29,15:44:32.271000000
63472,3,ApproveAfterChange,Estrella Humphrey,http://review.couchbase.org/#/c/63472/3,2016-04-29,09:40:31.521000000
63525,2,DirectlyApprove,Natasha Sullivan,http://review.couchbase.org/#/c/63525/2,2016-04-29,15:23:23.932000000
63783,2,DirectlyApprove,Estrella Humphrey,http://review.couchbase.org/#/c/63783/2,2016-05-06,08:04:39.661000000
63821,6,ApproveAfterChange,Estrella Humphrey,http://review.couchbase.org/#/c/63821/6,2016-05-12,15:30:28.368000000
63848,3,ApproveAfterChange,Natasha Sullivan,http://review.couchbase.org/#/c/63848/3,2016-05-10,07:50:46.128000000
63850,2,DirectlyApprove,Natasha Sullivan,http://review.couchbase.org/#/c/63850/2,2016-05-10,07:50:59.474000000
63853,2,DirectlyApprove,Natasha Sullivan,http://review.couchbase.org/#/c/63853/2,2016-05-10,07:51:10.378000000
63867,4,ApproveAfterChange,Gianna Garza,http://review.couchbase.org/#/c/63867/4,2016-05-13,06:48:23.646000000
63918,2,Rejected,Natasha Sullivan,http://review.couchbase.org/#/c/63918/2,2016-06-01,05:48:36.499000000
63919,2,DirectlyApprove,Natasha Sullivan,http://review.couchbase.org/#/c/63919/2,2016-05-11,12:10:02.888000000
63924,1,Rejected,Gianna Garza,http://review.couchbase.org/#/c/63924/1,2016-05-11,08:51:24.742000000
64017,3,ApproveAfterChange,Natasha Sullivan,http://review.couchbase.org/#/c/64017/3,2016-05-13,15:16:30.167000000
64018,5,ApproveAfterChange,Natasha Sullivan,http://review.couchbase.org/#/c/64018/5,2016-05-17,10:59:25.587000000
64109,3,ApproveAfterChange,Natasha Sullivan,http://review.couchbase.org/#/c/64109/3,2016-05-17,12:15:19.493000000
64589,2,DirectlyApprove,Natasha Sullivan,http://review.couchbase.org/#/c/64589/2,2016-05-31,11:08:51.344000000
64597,2,DirectlyApprove,Estrella Humphrey,http://review.couchbase.org/#/c/64597/2,2016-05-31,10:04:12.685000000
64600,2,DirectlyApprove,Estrella Humphrey,http://review.couchbase.org/#/c/64600/2,2016-05-31,15:14:38.924000000
64648,2,DirectlyApprove,Natasha Sullivan,http://review.couchbase.org/#/c/64648/2,2016-06-01,12:27:00.036000000
64703,3,ApproveAfterChange,Natasha Sullivan,http://review.couchbase.org/#/c/64703/3,2016-06-03,08:22:01.472000000
64704,1,Rejected,Natasha Sullivan,http://review.couchbase.org/#/c/64704/1,2016-06-03,07:59:46.835000000
64705,2,DirectlyApprove,Natasha Sullivan,http://review.couchbase.org/#/c/64705/2,2016-06-03,08:33:05.135000000
64707,2,DirectlyApprove,Cory Peck,http://review.couchbase.org/#/c/64707/2,2016-06-08,16:05:45.802000000
64708,2,DirectlyApprove,Natasha Sullivan,http://review.couchbase.org/#/c/64708/2,2016-06-03,10:06:12.195000000
64816,2,DirectlyApprove,Estrella Humphrey,http://review.couchbase.org/#/c/64816/2,2016-06-08,11:00:39.163000000
64880,2,DirectlyApprove,Natasha Sullivan,http://review.couchbase.org/#/c/64880/2,2016-06-10,12:09:34.283000000
65049,2,DirectlyApprove,Natasha Sullivan,http://review.couchbase.org/#/c/65049/2,2016-06-20,09:50:04.866000000
65051,2,DirectlyApprove,Natasha Sullivan,http://review.couchbase.org/#/c/65051/2,2016-06-20,09:50:23.889000000
65109,2,DirectlyApprove,Natasha Sullivan,http://review.couchbase.org/#/c/65109/2,2016-06-21,15:37:21.271000000
65183,2,DirectlyApprove,Natasha Sullivan,http://review.couchbase.org/#/c/65183/2,2016-06-23,09:01:47.700000000
65184,2,DirectlyApprove,Natasha Sullivan,http://review.couchbase.org/#/c/65184/2,2016-06-23,09:01:55.448000000
65185,2,DirectlyApprove,Natasha Sullivan,http://review.couchbase.org/#/c/65185/2,2016-06-23,09:02:01.175000000
65186,3,ApproveAfterChange,Natasha Sullivan,http://review.couchbase.org/#/c/65186/3,2016-07-06,11:55:34.024000000
65673,2,DirectlyApprove,Natasha Sullivan,http://review.couchbase.org/#/c/65673/2,2016-07-13,05:40:25.713000000
65712,2,DirectlyApprove,Natasha Sullivan,http://review.couchbase.org/#/c/65712/2,2016-07-13,10:59:36.506000000
65713,3,ApproveAfterChange,Natasha Sullivan,http://review.couchbase.org/#/c/65713/3,2016-07-13,14:12:52.574000000
65717,2,DirectlyApprove,Natasha Sullivan,http://review.couchbase.org/#/c/65717/2,2016-07-13,16:48:14.671000000
65718,2,DirectlyApprove,Natasha Sullivan,http://review.couchbase.org/#/c/65718/2,2016-07-13,16:48:32.626000000
65829,2,DirectlyApprove,Natasha Sullivan,http://review.couchbase.org/#/c/65829/2,2016-07-15,11:00:33.346000000
66152,3,ApproveAfterChange,Estrella Humphrey,http://review.couchbase.org/#/c/66152/3,2016-07-27,07:32:21.126000000
66249,5,ApproveAfterChange,Yahir Lindsey,http://review.couchbase.org/#/c/66249/5,2016-07-28,15:18:24.102000000
66251,2,DirectlyApprove,Natasha Sullivan,http://review.couchbase.org/#/c/66251/2,2016-07-27,16:49:15.877000000
66257,3,ApproveAfterChange,Natasha Sullivan,http://review.couchbase.org/#/c/66257/3,2016-07-27,17:48:25.850000000
66281,2,DirectlyApprove,Estrella Humphrey,http://review.couchbase.org/#/c/66281/2,2016-07-28,13:16:26.293000000
66413,2,DirectlyApprove,Estrella Humphrey,http://review.couchbase.org/#/c/66413/2,2016-08-03,16:30:14.458000000
66449,3,ApproveAfterChange,Estrella Humphrey,http://review.couchbase.org/#/c/66449/3,2016-08-03,16:37:08.935000000
66465,2,DirectlyApprove,Estrella Humphrey,http://review.couchbase.org/#/c/66465/2,2016-08-03,22:30:44.487000000
66643,2,DirectlyApprove,Estrella Humphrey,http://review.couchbase.org/#/c/66643/2,2016-08-10,08:12:32.722000000
66830,2,DirectlyApprove,Estrella Humphrey,http://review.couchbase.org/#/c/66830/2,2016-08-17,10:54:01.808000000
66937,3,ApproveAfterChange,Estrella Humphrey,http://review.couchbase.org/#/c/66937/3,2016-08-24,13:41:45.730000000
66949,3,ApproveAfterChange,Estrella Humphrey,http://review.couchbase.org/#/c/66949/3,2016-08-24,13:45:07.792000000
67021,2,DirectlyApprove,Estrella Humphrey,http://review.couchbase.org/#/c/67021/2,2016-08-24,13:43:20.713000000
67023,2,DirectlyApprove,Estrella Humphrey,http://review.couchbase.org/#/c/67023/2,2016-08-24,13:42:33.207000000
67171,3,ApproveAfterChange,Estrella Humphrey,http://review.couchbase.org/#/c/67171/3,2016-08-31,07:19:56.403000000
67382,2,DirectlyApprove,Estrella Humphrey,http://review.couchbase.org/#/c/67382/2,2016-09-06,10:33:31.104000000
67631,2,DirectlyApprove,Estrella Humphrey,http://review.couchbase.org/#/c/67631/2,2016-09-13,14:59:49.394000000
67724,3,ApproveAfterChange,Lewis Roach,http://review.couchbase.org/#/c/67724/3,2016-09-28,06:42:27.865000000
67737,2,DirectlyApprove,Natasha Sullivan,http://review.couchbase.org/#/c/67737/2,2016-09-20,08:27:07.168000000
67867,2,DirectlyApprove,Natasha Sullivan,http://review.couchbase.org/#/c/67867/2,2016-09-26,11:44:24.545000000
68088,2,DirectlyApprove,Natasha Sullivan,http://review.couchbase.org/#/c/68088/2,2016-09-28,11:19:26.145000000
68148,3,ApproveAfterChange,Natasha Sullivan,http://review.couchbase.org/#/c/68148/3,2016-09-30,10:16:45.303000000
68227,3,Rejected,Cory Peck,http://review.couchbase.org/#/c/68227/3,2016-10-03,07:22:47.299000000
68261,2,DirectlyApprove,Natasha Sullivan,http://review.couchbase.org/#/c/68261/2,2016-10-03,15:13:27.659000000
68384,2,DirectlyApprove,Natasha Sullivan,http://review.couchbase.org/#/c/68384/2,2016-10-05,07:09:13.426000000
68400,2,DirectlyApprove,Cory Peck,http://review.couchbase.org/#/c/68400/2,2016-10-06,04:59:37.603000000
68457,2,DirectlyApprove,Cory Peck,http://review.couchbase.org/#/c/68457/2,2016-10-12,07:51:29.004000000
68466,9,Rejected,Marques Ellis,http://review.couchbase.org/#/c/68466/9,2017-02-06,23:10:38.648000000
68572,7,ApproveAfterChange,Natasha Sullivan,http://review.couchbase.org/#/c/68572/7,2016-10-27,05:07:52.699000000
68916,7,ApproveAfterChange,Natasha Sullivan,http://review.couchbase.org/#/c/68916/7,2016-10-27,05:07:24.283000000
69416,2,DirectlyApprove,Natasha Sullivan,http://review.couchbase.org/#/c/69416/2,2016-11-02,12:15:00.281000000
70170,2,DirectlyApprove,Cory Peck,http://review.couchbase.org/#/c/70170/2,2016-11-30,18:59:48.298000000
70294,6,ApproveAfterChange,Natasha Sullivan,http://review.couchbase.org/#/c/70294/6,2016-12-01,12:34:54.346000000
70559,1,Rejected,Natasha Sullivan,http://review.couchbase.org/#/c/70559/1,2016-12-12,10:58:23.137000000
70577,4,ApproveAfterChange,Marques Ellis,http://review.couchbase.org/#/c/70577/4,2016-12-29,05:49:45.632000000
70681,2,DirectlyApprove,Natasha Sullivan,http://review.couchbase.org/#/c/70681/2,2016-12-06,14:59:41.351000000
70864,2,DirectlyApprove,Natasha Sullivan,http://review.couchbase.org/#/c/70864/2,2016-12-15,12:12:23.092000000
70867,5,ApproveAfterChange,Natasha Sullivan,http://review.couchbase.org/#/c/70867/5,2017-01-02,13:34:44.621000000
70949,3,Rejected,Marques Ellis,http://review.couchbase.org/#/c/70949/3,2016-12-28,16:17:41.284000000
71187,4,ApproveAfterChange,Catherine Carney,http://review.couchbase.org/#/c/71187/4,2016-12-22,08:11:04.549000000
71312,3,ApproveAfterChange,Marques Ellis,http://review.couchbase.org/#/c/71312/3,2016-12-30,18:21:20.922000000
71321,2,DirectlyApprove,Marques Ellis,http://review.couchbase.org/#/c/71321/2,2016-12-29,05:49:20.717000000
71334,4,ApproveAfterChange,Natasha Sullivan,http://review.couchbase.org/#/c/71334/4,2016-12-30,15:23:32.626000000
71336,2,DirectlyApprove,Natasha Sullivan,http://review.couchbase.org/#/c/71336/2,2016-12-30,07:04:19.187000000
71589,2,DirectlyApprove,Natasha Sullivan,http://review.couchbase.org/#/c/71589/2,2017-01-05,10:47:11.248000000
71597,3,ApproveAfterChange,Natasha Sullivan,http://review.couchbase.org/#/c/71597/3,2017-01-05,13:14:36.252000000
71795,4,ApproveAfterChange,Natasha Sullivan,http://review.couchbase.org/#/c/71795/4,2017-01-11,04:47:22.315000000
71800,2,DirectlyApprove,Natasha Sullivan,http://review.couchbase.org/#/c/71800/2,2017-01-11,04:47:27.632000000
71803,3,ApproveAfterChange,Cory Peck,http://review.couchbase.org/#/c/71803/3,2017-01-11,09:31:39.838000000
71898,2,DirectlyApprove,Natasha Sullivan,http://review.couchbase.org/#/c/71898/2,2017-01-12,19:00:28.603000000
71960,2,DirectlyApprove,Catherine Carney,http://review.couchbase.org/#/c/71960/2,2017-01-13,07:12:39.723000000
71961,2,DirectlyApprove,Cory Peck,http://review.couchbase.org/#/c/71961/2,2017-01-13,07:12:49.072000000
71962,2,DirectlyApprove,Natasha Sullivan,http://review.couchbase.org/#/c/71962/2,2017-01-13,07:13:21.998000000
71963,2,DirectlyApprove,Natasha Sullivan,http://review.couchbase.org/#/c/71963/2,2017-01-13,07:13:26.919000000
71964,2,DirectlyApprove,Natasha Sullivan,http://review.couchbase.org/#/c/71964/2,2017-01-13,07:12:58.935000000
71965,2,DirectlyApprove,Natasha Sullivan,http://review.couchbase.org/#/c/71965/2,2017-01-13,07:13:10.924000000
72162,9,ApproveAfterChange,Marques Ellis,http://review.couchbase.org/#/c/72162/9,2017-02-07,15:54:19.038000000
72178,2,DirectlyApprove,Natasha Sullivan,http://review.couchbase.org/#/c/72178/2,2017-01-18,13:35:10.775000000
72363,3,ApproveAfterChange,Natasha Sullivan,http://review.couchbase.org/#/c/72363/3,2017-01-24,06:46:17.313000000
72364,3,ApproveAfterChange,Natasha Sullivan,http://review.couchbase.org/#/c/72364/3,2017-01-24,06:45:58.805000000
72365,16,ApproveAfterChange,Natasha Sullivan,http://review.couchbase.org/#/c/72365/16,2017-02-05,19:43:01.996000000
73035,2,Rejected,Marques Ellis,http://review.couchbase.org/#/c/73035/2,2017-04-05,22:04:32.120000000
73037,2,DirectlyApprove,Marques Ellis,http://review.couchbase.org/#/c/73037/2,2017-02-07,06:29:21.081000000
73193,2,DirectlyApprove,Natasha Sullivan,http://review.couchbase.org/#/c/73193/2,2017-02-06,12:34:01.988000000
73195,2,DirectlyApprove,Natasha Sullivan,http://review.couchbase.org/#/c/73195/2,2017-02-06,16:02:07.481000000
73241,2,DirectlyApprove,Natasha Sullivan,http://review.couchbase.org/#/c/73241/2,2017-02-07,12:19:07.059000000
73425,2,DirectlyApprove,Natasha Sullivan,http://review.couchbase.org/#/c/73425/2,2017-02-09,07:12:44.555000000
73445,6,ApproveAfterChange,Natasha Sullivan,http://review.couchbase.org/#/c/73445/6,2017-03-02,10:51:34.175000000
73783,4,ApproveAfterChange,Lewis Roach,http://review.couchbase.org/#/c/73783/4,2017-02-28,17:20:43.032000000
73872,6,Rejected,Marques Ellis,http://review.couchbase.org/#/c/73872/6,2017-02-27,22:21:02.146000000
73943,3,ApproveAfterChange,Natasha Sullivan,http://review.couchbase.org/#/c/73943/3,2017-02-28,15:51:07.747000000
74285,11,ApproveAfterChange,Marques Ellis,http://review.couchbase.org/#/c/74285/11,2017-03-02,19:53:46.591000000
74315,6,ApproveAfterChange,Natasha Sullivan,http://review.couchbase.org/#/c/74315/6,2017-03-03,17:29:10.833000000
74394,2,DirectlyApprove,Natasha Sullivan,http://review.couchbase.org/#/c/74394/2,2017-02-28,15:58:28.008000000
74400,2,DirectlyApprove,Natasha Sullivan,http://review.couchbase.org/#/c/74400/2,2017-03-01,06:46:40.860000000
74620,2,DirectlyApprove,Marques Ellis,http://review.couchbase.org/#/c/74620/2,2017-03-03,19:37:02.278000000
74777,2,DirectlyApprove,Marques Ellis,http://review.couchbase.org/#/c/74777/2,2017-03-07,15:51:09.369000000
74846,2,DirectlyApprove,Natasha Sullivan,http://review.couchbase.org/#/c/74846/2,2017-03-16,15:44:36.325000000
74847,10,ApproveAfterChange,Natasha Sullivan,http://review.couchbase.org/#/c/74847/10,2017-04-03,15:19:32.502000000
75073,3,ApproveAfterChange,Marques Ellis,http://review.couchbase.org/#/c/75073/3,2017-03-15,21:33:56.736000000
75076,21,ApproveAfterChange,Marques Ellis,http://review.couchbase.org/#/c/75076/21,2017-03-27,23:36:49.413000000
75236,3,ApproveAfterChange,Marques Ellis,http://review.couchbase.org/#/c/75236/3,2017-03-24,22:54:42.427000000
75265,5,ApproveAfterChange,Marques Ellis,http://review.couchbase.org/#/c/75265/5,2017-03-24,22:55:14.508000000
75374,3,ApproveAfterChange,Marques Ellis,http://review.couchbase.org/#/c/75374/3,2017-03-21,20:12:07.585000000
75392,3,ApproveAfterChange,Natasha Sullivan,http://review.couchbase.org/#/c/75392/3,2017-03-24,14:39:11.383000000
75428,3,ApproveAfterChange,Natasha Sullivan,http://review.couchbase.org/#/c/75428/3,2017-03-24,14:51:56.467000000
75858,4,ApproveAfterChange,Natasha Sullivan,http://review.couchbase.org/#/c/75858/4,2017-03-29,09:19:05.062000000
76055,2,DirectlyApprove,Marques Ellis,http://review.couchbase.org/#/c/76055/2,2017-03-31,15:07:46.799000000
76059,2,DirectlyApprove,Natasha Sullivan,http://review.couchbase.org/#/c/76059/2,2017-03-30,16:55:53.751000000
76061,3,ApproveAfterChange,Cory Peck,http://review.couchbase.org/#/c/76061/3,2017-03-30,17:17:25.277000000
76064,4,ApproveAfterChange,Natasha Sullivan,http://review.couchbase.org/#/c/76064/4,2017-03-31,18:39:12.694000000
76077,3,ApproveAfterChange,Cory Peck,http://review.couchbase.org/#/c/76077/3,2017-03-31,09:24:11.583000000
76090,5,ApproveAfterChange,Marques Ellis,http://review.couchbase.org/#/c/76090/5,2017-03-31,18:38:26.472000000
76091,3,ApproveAfterChange,Marques Ellis,http://review.couchbase.org/#/c/76091/3,2017-03-31,19:15:56.019000000
76183,2,DirectlyApprove,Natasha Sullivan,http://review.couchbase.org/#/c/76183/2,2017-04-03,08:11:28.963000000
76213,2,DirectlyApprove,Marques Ellis,http://review.couchbase.org/#/c/76213/2,2017-04-03,22:24:30.541000000
76265,2,DirectlyApprove,Marques Ellis,http://review.couchbase.org/#/c/76265/2,2017-04-04,21:04:03.198000000
76434,3,ApproveAfterChange,Marques Ellis,http://review.couchbase.org/#/c/76434/3,2017-04-07,16:39:41.361000000
76559,2,DirectlyApprove,Natasha Sullivan,http://review.couchbase.org/#/c/76559/2,2017-04-10,18:19:27.087000000
76845,3,ApproveAfterChange,Natasha Sullivan,http://review.couchbase.org/#/c/76845/3,2017-04-19,07:43:44.056000000
76934,4,ApproveAfterChange,Natasha Sullivan,http://review.couchbase.org/#/c/76934/4,2017-04-26,16:38:59.025000000
76997,8,ApproveAfterChange,Marques Ellis,http://review.couchbase.org/#/c/76997/8,2017-04-27,20:10:40.765000000
77181,2,DirectlyApprove,Marques Ellis,http://review.couchbase.org/#/c/77181/2,2017-04-24,14:57:10.692000000
77237,2,DirectlyApprove,Natasha Sullivan,http://review.couchbase.org/#/c/77237/2,2017-04-26,16:01:59.838000000
77515,6,ApproveAfterChange,Marques Ellis,http://review.couchbase.org/#/c/77515/6,2017-07-10,19:15:08.949000000
77611,2,DirectlyApprove,Marques Ellis,http://review.couchbase.org/#/c/77611/2,2017-05-02,17:43:52.772000000
77650,1,Rejected,Natasha Sullivan,http://review.couchbase.org/#/c/77650/1,2017-05-22,14:02:25.665000000
77722,4,ApproveAfterChange,Marques Ellis,http://review.couchbase.org/#/c/77722/4,2017-06-01,00:29:19.152000000
77729,2,DirectlyApprove,Marques Ellis,http://review.couchbase.org/#/c/77729/2,2017-05-05,16:43:45.995000000
78182,3,ApproveAfterChange,Natasha Sullivan,http://review.couchbase.org/#/c/78182/3,2017-05-29,10:43:50.513000000
78236,6,ApproveAfterChange,Natasha Sullivan,http://review.couchbase.org/#/c/78236/6,2017-05-29,11:45:32.614000000
78393,3,ApproveAfterChange,Natasha Sullivan,http://review.couchbase.org/#/c/78393/3,2017-05-29,10:44:20.089000000
78480,1,Rejected,Tamara Lamb,http://review.couchbase.org/#/c/78480/1,2017-06-23,17:41:08.165000000
78710,2,DirectlyApprove,Natasha Sullivan,http://review.couchbase.org/#/c/78710/2,2017-05-29,09:45:06.362000000
78711,3,ApproveAfterChange,Natasha Sullivan,http://review.couchbase.org/#/c/78711/3,2017-05-29,10:43:40.506000000
78712,2,DirectlyApprove,Natasha Sullivan,http://review.couchbase.org/#/c/78712/2,2017-05-29,11:43:28.725000000
78713,3,ApproveAfterChange,Natasha Sullivan,http://review.couchbase.org/#/c/78713/3,2017-05-30,08:08:08.295000000
78828,5,ApproveAfterChange,Natasha Sullivan,http://review.couchbase.org/#/c/78828/5,2017-06-06,16:21:39.351000000
78878,14,ApproveAfterChange,Marques Ellis,http://review.couchbase.org/#/c/78878/14,2017-06-02,19:09:08.726000000
79114,2,DirectlyApprove,Natasha Sullivan,http://review.couchbase.org/#/c/79114/2,2017-06-06,16:23:07.426000000
79382,5,ApproveAfterChange,Marques Ellis,http://review.couchbase.org/#/c/79382/5,2017-07-10,15:23:39.048000000
79445,7,ApproveAfterChange,Marques Ellis,http://review.couchbase.org/#/c/79445/7,2017-09-05,15:19:42.057000000
79461,3,ApproveAfterChange,Natasha Sullivan,http://review.couchbase.org/#/c/79461/3,2017-06-20,14:58:38.796000000
79472,10,ApproveAfterChange,Natasha Sullivan,http://review.couchbase.org/#/c/79472/10,2017-07-10,21:55:05.996000000
79521,8,ApproveAfterChange,Marques Ellis,http://review.couchbase.org/#/c/79521/8,2017-08-21,11:57:23.265000000
79716,2,DirectlyApprove,Natasha Sullivan,http://review.couchbase.org/#/c/79716/2,2017-06-20,15:00:35.421000000
80214,4,ApproveAfterChange,Cory Peck,http://review.couchbase.org/#/c/80214/4,2017-07-03,08:26:02.750000000
80361,7,ApproveAfterChange,Natasha Sullivan,http://review.couchbase.org/#/c/80361/7,2017-07-10,21:52:10.605000000
80491,2,DirectlyApprove,Natasha Sullivan,http://review.couchbase.org/#/c/80491/2,2017-07-11,04:37:15.999000000
80511,2,DirectlyApprove,Natasha Sullivan,http://review.couchbase.org/#/c/80511/2,2017-07-11,11:33:03.194000000
80549,2,DirectlyApprove,Natasha Sullivan,http://review.couchbase.org/#/c/80549/2,2017-07-12,08:45:46.548000000
80574,2,DirectlyApprove,Natasha Sullivan,http://review.couchbase.org/#/c/80574/2,2017-07-12,12:25:56.151000000
80656,2,DirectlyApprove,Natasha Sullivan,http://review.couchbase.org/#/c/80656/2,2017-07-13,16:05:24.521000000
80657,2,DirectlyApprove,Natasha Sullivan,http://review.couchbase.org/#/c/80657/2,2017-07-17,11:29:58.503000000
81108,10,ApproveAfterChange,Natasha Sullivan,http://review.couchbase.org/#/c/81108/10,2017-08-17,18:52:25.182000000
81247,3,ApproveAfterChange,Natasha Sullivan,http://review.couchbase.org/#/c/81247/3,2017-07-28,12:55:49.404000000
81845,5,Rejected,Jovan Hinton,http://review.couchbase.org/#/c/81845/5,2017-11-16,19:22:03.431000000
81973,2,DirectlyApprove,Natasha Sullivan,http://review.couchbase.org/#/c/81973/2,2017-08-07,12:59:13.141000000
81977,2,DirectlyApprove,Natasha Sullivan,http://review.couchbase.org/#/c/81977/2,2017-08-07,20:24:13.668000000
81978,3,ApproveAfterChange,Natasha Sullivan,http://review.couchbase.org/#/c/81978/3,2017-08-11,07:26:32.879000000
81986,3,ApproveAfterChange,Natasha Sullivan,http://review.couchbase.org/#/c/81986/3,2017-08-08,08:34:49.067000000
81994,4,ApproveAfterChange,Natasha Sullivan,http://review.couchbase.org/#/c/81994/4,2017-08-17,18:53:51.225000000
82036,3,ApproveAfterChange,Natasha Sullivan,http://review.couchbase.org/#/c/82036/3,2017-08-09,15:44:29.059000000
82046,3,ApproveAfterChange,Natasha Sullivan,http://review.couchbase.org/#/c/82046/3,2017-08-08,14:53:47.236000000
82054,7,ApproveAfterChange,Sophia Gaines,http://review.couchbase.org/#/c/82054/7,2017-08-17,18:54:14.017000000
82199,3,ApproveAfterChange,Natasha Sullivan,http://review.couchbase.org/#/c/82199/3,2017-08-11,13:07:06.351000000
82441,2,DirectlyApprove,Natasha Sullivan,http://review.couchbase.org/#/c/82441/2,2017-08-18,12:24:42.608000000
82451,2,DirectlyApprove,Natasha Sullivan,http://review.couchbase.org/#/c/82451/2,2017-08-21,06:25:41.178000000
82497,2,DirectlyApprove,Natasha Sullivan,http://review.couchbase.org/#/c/82497/2,2017-08-21,13:00:33.604000000
82501,2,DirectlyApprove,Natasha Sullivan,http://review.couchbase.org/#/c/82501/2,2017-08-22,04:51:56.504000000
82555,2,DirectlyApprove,Natasha Sullivan,http://review.couchbase.org/#/c/82555/2,2017-08-22,06:32:58.057000000
82623,2,DirectlyApprove,Natasha Sullivan,http://review.couchbase.org/#/c/82623/2,2017-08-23,16:44:35.142000000
82801,2,DirectlyApprove,Natasha Sullivan,http://review.couchbase.org/#/c/82801/2,2017-08-30,12:25:27.774000000
82917,2,DirectlyApprove,Natasha Sullivan,http://review.couchbase.org/#/c/82917/2,2017-08-31,07:20:15.638000000
82947,2,DirectlyApprove,Natasha Sullivan,http://review.couchbase.org/#/c/82947/2,2017-09-01,05:22:27.661000000
82948,2,DirectlyApprove,Natasha Sullivan,http://review.couchbase.org/#/c/82948/2,2017-09-01,05:22:37.431000000
82951,2,DirectlyApprove,Natasha Sullivan,http://review.couchbase.org/#/c/82951/2,2017-09-01,05:22:46.867000000
82956,2,DirectlyApprove,Natasha Sullivan,http://review.couchbase.org/#/c/82956/2,2017-09-01,05:22:57.718000000
82961,2,DirectlyApprove,Natasha Sullivan,http://review.couchbase.org/#/c/82961/2,2017-09-01,05:23:08.493000000
82969,2,DirectlyApprove,Natasha Sullivan,http://review.couchbase.org/#/c/82969/2,2017-09-01,09:28:48.026000000
82971,2,DirectlyApprove,Natasha Sullivan,http://review.couchbase.org/#/c/82971/2,2017-09-01,09:28:52.798000000
82976,4,ApproveAfterChange,Natasha Sullivan,http://review.couchbase.org/#/c/82976/4,2017-09-01,09:29:08.189000000
83018,2,DirectlyApprove,Natasha Sullivan,http://review.couchbase.org/#/c/83018/2,2017-09-01,09:40:26.050000000
83064,2,DirectlyApprove,Natasha Sullivan,http://review.couchbase.org/#/c/83064/2,2017-09-03,17:55:03.405000000
83065,2,DirectlyApprove,Natasha Sullivan,http://review.couchbase.org/#/c/83065/2,2017-09-03,17:55:08.522000000
83079,10,ApproveAfterChange,Natasha Sullivan,http://review.couchbase.org/#/c/83079/10,2017-09-05,18:44:33.829000000
83104,3,ApproveAfterChange,Marques Ellis,http://review.couchbase.org/#/c/83104/3,2017-09-05,17:34:41.759000000
83125,2,DirectlyApprove,Natasha Sullivan,http://review.couchbase.org/#/c/83125/2,2017-09-06,15:33:35.067000000
83127,3,ApproveAfterChange,Natasha Sullivan,http://review.couchbase.org/#/c/83127/3,2017-09-06,18:47:00.609000000
83153,2,DirectlyApprove,Marques Ellis,http://review.couchbase.org/#/c/83153/2,2017-09-06,22:07:12.118000000
83174,2,DirectlyApprove,Marques Ellis,http://review.couchbase.org/#/c/83174/2,2017-09-26,07:34:15.019000000
83181,4,ApproveAfterChange,Marques Ellis,http://review.couchbase.org/#/c/83181/4,2017-09-26,07:32:56.038000000
83185,3,ApproveAfterChange,Marques Ellis,http://review.couchbase.org/#/c/83185/3,2017-10-12,21:30:16.095000000
83811,3,ApproveAfterChange,Natasha Sullivan,http://review.couchbase.org/#/c/83811/3,2017-10-04,06:34:07.434000000
83812,2,DirectlyApprove,Natasha Sullivan,http://review.couchbase.org/#/c/83812/2,2017-09-29,18:35:01.346000000
83879,2,DirectlyApprove,Natasha Sullivan,http://review.couchbase.org/#/c/83879/2,2017-09-29,18:35:40.469000000
83880,3,ApproveAfterChange,Natasha Sullivan,http://review.couchbase.org/#/c/83880/3,2017-09-29,18:36:11.841000000
83945,2,DirectlyApprove,Natasha Sullivan,http://review.couchbase.org/#/c/83945/2,2017-10-03,06:16:38.872000000
83962,2,DirectlyApprove,Natasha Sullivan,http://review.couchbase.org/#/c/83962/2,2017-10-03,17:34:53.635000000
83963,2,DirectlyApprove,Natasha Sullivan,http://review.couchbase.org/#/c/83963/2,2017-10-03,17:34:59.045000000
84186,2,DirectlyApprove,Natasha Sullivan,http://review.couchbase.org/#/c/84186/2,2017-10-10,10:07:07.500000000
84187,2,DirectlyApprove,Natasha Sullivan,http://review.couchbase.org/#/c/84187/2,2017-10-10,10:07:13.265000000
84188,2,DirectlyApprove,Natasha Sullivan,http://review.couchbase.org/#/c/84188/2,2017-10-10,10:07:18.682000000
84189,2,DirectlyApprove,Natasha Sullivan,http://review.couchbase.org/#/c/84189/2,2017-10-10,10:07:22.805000000
84190,2,DirectlyApprove,Natasha Sullivan,http://review.couchbase.org/#/c/84190/2,2017-10-10,10:07:27.028000000
84191,2,DirectlyApprove,Natasha Sullivan,http://review.couchbase.org/#/c/84191/2,2017-10-10,10:07:31.528000000
84192,2,DirectlyApprove,Natasha Sullivan,http://review.couchbase.org/#/c/84192/2,2017-10-10,10:07:36.451000000
84193,3,ApproveAfterChange,Natasha Sullivan,http://review.couchbase.org/#/c/84193/3,2017-10-10,10:07:45.984000000
84194,2,DirectlyApprove,Natasha Sullivan,http://review.couchbase.org/#/c/84194/2,2017-10-10,10:07:55.734000000
84200,6,ApproveAfterChange,Natasha Sullivan,http://review.couchbase.org/#/c/84200/6,2017-10-16,06:18:02.149000000
84270,3,ApproveAfterChange,Natasha Sullivan,http://review.couchbase.org/#/c/84270/3,2017-10-12,15:11:16.129000000
84497,2,DirectlyApprove,Natasha Sullivan,http://review.couchbase.org/#/c/84497/2,2017-10-17,18:00:36.907000000
84747,3,ApproveAfterChange,Natasha Sullivan,http://review.couchbase.org/#/c/84747/3,2017-10-29,09:23:57.113000000
84873,2,DirectlyApprove,Natasha Sullivan,http://review.couchbase.org/#/c/84873/2,2017-10-30,06:55:18.474000000
84957,3,ApproveAfterChange,Jovan Hinton,http://review.couchbase.org/#/c/84957/3,2017-11-06,11:57:35.031000000
85008,2,DirectlyApprove,Natasha Sullivan,http://review.couchbase.org/#/c/85008/2,2017-11-03,09:51:51.775000000
85009,2,Rejected,Natasha Sullivan,http://review.couchbase.org/#/c/85009/2,2017-11-07,05:25:47.179000000
85183,2,DirectlyApprove,Natasha Sullivan,http://review.couchbase.org/#/c/85183/2,2017-11-08,17:05:39.136000000
85246,2,DirectlyApprove,Natasha Sullivan,http://review.couchbase.org/#/c/85246/2,2017-11-08,13:12:17.568000000
85375,2,DirectlyApprove,Natasha Sullivan,http://review.couchbase.org/#/c/85375/2,2017-11-10,10:35:36.105000000
85376,2,DirectlyApprove,Natasha Sullivan,http://review.couchbase.org/#/c/85376/2,2017-11-10,10:35:46.059000000
85439,1,Rejected,Natasha Sullivan,http://review.couchbase.org/#/c/85439/1,2017-11-13,09:44:41.728000000
85456,1,Rejected,Natasha Sullivan,http://review.couchbase.org/#/c/85456/1,2017-11-22,14:39:53.005000000
85588,1,Rejected,Natasha Sullivan,http://review.couchbase.org/#/c/85588/1,2017-11-15,13:58:16.877000000
85589,1,Rejected,Natasha Sullivan,http://review.couchbase.org/#/c/85589/1,2017-11-15,13:59:38.111000000
85685,4,Rejected,Natasha Sullivan,http://review.couchbase.org/#/c/85685/4,2017-11-22,18:49:27.550000000
85699,1,Rejected,Natasha Sullivan,http://review.couchbase.org/#/c/85699/1,2017-11-17,18:11:48.963000000
85840,2,DirectlyApprove,Natasha Sullivan,http://review.couchbase.org/#/c/85840/2,2017-11-22,07:06:35.360000000
85896,2,DirectlyApprove,Natasha Sullivan,http://review.couchbase.org/#/c/85896/2,2017-11-22,15:08:03.533000000
85901,1,Rejected,Natasha Sullivan,http://review.couchbase.org/#/c/85901/1,2017-11-22,17:05:48.447000000
